line_item,period,value,ticker,company_name
Free Cash Flow,2025-12-31,75057575000000.0,BBCA.JK,Bank Central Asia
Free Cash Flow,2024-12-31,49647050000000.0,BBCA.JK,Bank Central Asia
Free Cash Flow,2023-12-31,52964427000000.0,BBCA.JK,Bank Central Asia
Free Cash Flow,2022-12-31,30424257000000.0,BBCA.JK,Bank Central Asia
Free Cash Flow,2021-12-31,,BBCA.JK,Bank Central Asia
Repurchase Of Capital Stock,2025-12-31,-2152514000000.0,BBCA.JK,Bank Central Asia
Repurchase Of Capital Stock,2024-12-31,0.0,BBCA.JK,Bank Central Asia
Repurchase Of Capital Stock,2023-12-31,,BBCA.JK,Bank Central Asia
Repurchase Of Capital Stock,2022-12-31,,BBCA.JK,Bank Central Asia
Repurchase Of Capital Stock,2021-12-31,,BBCA.JK,Bank Central Asia
Repayment Of Debt,2025-12-31,-61430080000000.0,BBCA.JK,Bank Central Asia
Repayment Of Debt,2024-12-31,-72680017000000.0,BBCA.JK,Bank Central Asia
Repayment Of Debt,2023-12-31,-49607671000000.0,BBCA.JK,Bank Central Asia
Repayment Of Debt,2022-12-31,-23720805000000.0,BBCA.JK,Bank Central Asia
Repayment Of Debt,2021-12-31,,BBCA.JK,Bank Central Asia
Issuance Of Debt,2025-12-31,60800000000000.0,BBCA.JK,Bank Central Asia
Issuance Of Debt,2024-12-31,73287728000000.0,BBCA.JK,Bank Central Asia
Issuance Of Debt,2023-12-31,49928825000000.0,BBCA.JK,Bank Central Asia
Issuance Of Debt,2022-12-31,23546543000000.0,BBCA.JK,Bank Central Asia
Issuance Of Debt,2021-12-31,,BBCA.JK,Bank Central Asia
Capital Expenditure,2025-12-31,-2451210000000.0,BBCA.JK,Bank Central Asia
Capital Expenditure,2024-12-31,-4173179000000.0,BBCA.JK,Bank Central Asia
Capital Expenditure,2023-12-31,-5099348000000.0,BBCA.JK,Bank Central Asia
Capital Expenditure,2022-12-31,-3355006000000.0,BBCA.JK,Bank Central Asia
Capital Expenditure,2021-12-31,,BBCA.JK,Bank Central Asia
End Cash Position,2025-12-31,87549328000000.0,BBCA.JK,Bank Central Asia
End Cash Position,2024-12-31,85482530000000.0,BBCA.JK,Bank Central Asia
End Cash Position,2023-12-31,124395987000000.0,BBCA.JK,Bank Central Asia
End Cash Position,2022-12-31,160422371000000.0,BBCA.JK,Bank Central Asia
End Cash Position,2021-12-31,,BBCA.JK,Bank Central Asia
Beginning Cash Position,2025-12-31,85482530000000.0,BBCA.JK,Bank Central Asia
Beginning Cash Position,2024-12-31,124395987000000.0,BBCA.JK,Bank Central Asia
Beginning Cash Position,2023-12-31,160422371000000.0,BBCA.JK,Bank Central Asia
Beginning Cash Position,2022-12-31,177268685000000.0,BBCA.JK,Bank Central Asia
Beginning Cash Position,2021-12-31,,BBCA.JK,Bank Central Asia
Effect Of Exchange Rate Changes,2025-12-31,-42424000000.0,BBCA.JK,Bank Central Asia
Effect Of Exchange Rate Changes,2024-12-31,-456491000000.0,BBCA.JK,Bank Central Asia
Effect Of Exchange Rate Changes,2023-12-31,725580000000.0,BBCA.JK,Bank Central Asia
Effect Of Exchange Rate Changes,2022-12-31,873625000000.0,BBCA.JK,Bank Central Asia
Effect Of Exchange Rate Changes,2021-12-31,,BBCA.JK,Bank Central Asia
Changes In Cash,2025-12-31,2109222000000.0,BBCA.JK,Bank Central Asia
Changes In Cash,2024-12-31,-38456966000000.0,BBCA.JK,Bank Central Asia
Changes In Cash,2023-12-31,-36751964000000.0,BBCA.JK,Bank Central Asia
Changes In Cash,2022-12-31,-17719939000000.0,BBCA.JK,Bank Central Asia
Changes In Cash,2021-12-31,,BBCA.JK,Bank Central Asia
Financing Cash Flow,2025-12-31,-41708637000000.0,BBCA.JK,Bank Central Asia
Financing Cash Flow,2024-12-31,-33328689000000.0,BBCA.JK,Bank Central Asia
Financing Cash Flow,2023-12-31,-25070681000000.0,BBCA.JK,Bank Central Asia
Financing Cash Flow,2022-12-31,-19116216000000.0,BBCA.JK,Bank Central Asia
Financing Cash Flow,2021-12-31,,BBCA.JK,Bank Central Asia
Net Other Financing Charges,2025-12-31,-1330996000000.0,BBCA.JK,Bank Central Asia
Net Other Financing Charges,2024-12-31,272426000000.0,BBCA.JK,Bank Central Asia
Net Other Financing Charges,2023-12-31,804113000000.0,BBCA.JK,Bank Central Asia
Net Other Financing Charges,2022-12-31,165679000000.0,BBCA.JK,Bank Central Asia
Net Other Financing Charges,2021-12-31,,BBCA.JK,Bank Central Asia
Cash Dividends Paid,2025-12-31,-37595047000000.0,BBCA.JK,Bank Central Asia
Cash Dividends Paid,2024-12-31,-34208826000000.0,BBCA.JK,Bank Central Asia
Cash Dividends Paid,2023-12-31,-26195948000000.0,BBCA.JK,Bank Central Asia
Cash Dividends Paid,2022-12-31,-19107633000000.0,BBCA.JK,Bank Central Asia
Cash Dividends Paid,2021-12-31,,BBCA.JK,Bank Central Asia
Common Stock Dividend Paid,2025-12-31,-37595047000000.0,BBCA.JK,Bank Central Asia
Common Stock Dividend Paid,2024-12-31,-34208826000000.0,BBCA.JK,Bank Central Asia
Common Stock Dividend Paid,2023-12-31,-26195948000000.0,BBCA.JK,Bank Central Asia
Common Stock Dividend Paid,2022-12-31,-19107633000000.0,BBCA.JK,Bank Central Asia
Common Stock Dividend Paid,2021-12-31,,BBCA.JK,Bank Central Asia
Net Common Stock Issuance,2025-12-31,-2152514000000.0,BBCA.JK,Bank Central Asia
Net Common Stock Issuance,2024-12-31,0.0,BBCA.JK,Bank Central Asia
Net Common Stock Issuance,2023-12-31,,BBCA.JK,Bank Central Asia
Net Common Stock Issuance,2022-12-31,,BBCA.JK,Bank Central Asia
Net Common Stock Issuance,2021-12-31,,BBCA.JK,Bank Central Asia
Common Stock Payments,2025-12-31,-2152514000000.0,BBCA.JK,Bank Central Asia
Common Stock Payments,2024-12-31,0.0,BBCA.JK,Bank Central Asia
Common Stock Payments,2023-12-31,,BBCA.JK,Bank Central Asia
Common Stock Payments,2022-12-31,,BBCA.JK,Bank Central Asia
Common Stock Payments,2021-12-31,,BBCA.JK,Bank Central Asia
Net Issuance Payments Of Debt,2025-12-31,-630080000000.0,BBCA.JK,Bank Central Asia
Net Issuance Payments Of Debt,2024-12-31,607711000000.0,BBCA.JK,Bank Central Asia
Net Issuance Payments Of Debt,2023-12-31,321154000000.0,BBCA.JK,Bank Central Asia
Net Issuance Payments Of Debt,2022-12-31,-174262000000.0,BBCA.JK,Bank Central Asia
Net Issuance Payments Of Debt,2021-12-31,,BBCA.JK,Bank Central Asia
Net Long Term Debt Issuance,2025-12-31,-630080000000.0,BBCA.JK,Bank Central Asia
Net Long Term Debt Issuance,2024-12-31,607711000000.0,BBCA.JK,Bank Central Asia
Net Long Term Debt Issuance,2023-12-31,321154000000.0,BBCA.JK,Bank Central Asia
Net Long Term Debt Issuance,2022-12-31,-174262000000.0,BBCA.JK,Bank Central Asia
Net Long Term Debt Issuance,2021-12-31,,BBCA.JK,Bank Central Asia
Long Term Debt Payments,2025-12-31,-61430080000000.0,BBCA.JK,Bank Central Asia
Long Term Debt Payments,2024-12-31,-72680017000000.0,BBCA.JK,Bank Central Asia
Long Term Debt Payments,2023-12-31,-49607671000000.0,BBCA.JK,Bank Central Asia
Long Term Debt Payments,2022-12-31,-23720805000000.0,BBCA.JK,Bank Central Asia
Long Term Debt Payments,2021-12-31,,BBCA.JK,Bank Central Asia
Long Term Debt Issuance,2025-12-31,60800000000000.0,BBCA.JK,Bank Central Asia
Long Term Debt Issuance,2024-12-31,73287728000000.0,BBCA.JK,Bank Central Asia
Long Term Debt Issuance,2023-12-31,49928825000000.0,BBCA.JK,Bank Central Asia
Long Term Debt Issuance,2022-12-31,23546543000000.0,BBCA.JK,Bank Central Asia
Long Term Debt Issuance,2021-12-31,,BBCA.JK,Bank Central Asia
Investing Cash Flow,2025-12-31,-33690926000000.0,BBCA.JK,Bank Central Asia
Investing Cash Flow,2024-12-31,-58948506000000.0,BBCA.JK,Bank Central Asia
Investing Cash Flow,2023-12-31,-69745058000000.0,BBCA.JK,Bank Central Asia
Investing Cash Flow,2022-12-31,-32382986000000.0,BBCA.JK,Bank Central Asia
Investing Cash Flow,2021-12-31,,BBCA.JK,Bank Central Asia
Dividends Received Cfi,2025-12-31,107764000000.0,BBCA.JK,Bank Central Asia
Dividends Received Cfi,2024-12-31,38095000000.0,BBCA.JK,Bank Central Asia
Dividends Received Cfi,2023-12-31,34528000000.0,BBCA.JK,Bank Central Asia
Dividends Received Cfi,2022-12-31,46530000000.0,BBCA.JK,Bank Central Asia
Dividends Received Cfi,2021-12-31,,BBCA.JK,Bank Central Asia
Net Investment Purchase And Sale,2025-12-31,-31353395000000.0,BBCA.JK,Bank Central Asia
Net Investment Purchase And Sale,2024-12-31,-54819800000000.0,BBCA.JK,Bank Central Asia
Net Investment Purchase And Sale,2023-12-31,-64702324000000.0,BBCA.JK,Bank Central Asia
Net Investment Purchase And Sale,2022-12-31,-29079830000000.0,BBCA.JK,Bank Central Asia
Net Investment Purchase And Sale,2021-12-31,,BBCA.JK,Bank Central Asia
Sale Of Investment,2025-12-31,194313921000000.0,BBCA.JK,Bank Central Asia
Sale Of Investment,2024-12-31,161277418000000.0,BBCA.JK,Bank Central Asia
Sale Of Investment,2023-12-31,97922788000000.0,BBCA.JK,Bank Central Asia
Sale Of Investment,2022-12-31,107160907000000.0,BBCA.JK,Bank Central Asia
Sale Of Investment,2021-12-31,,BBCA.JK,Bank Central Asia
Purchase Of Investment,2025-12-31,-225667316000000.0,BBCA.JK,Bank Central Asia
Purchase Of Investment,2024-12-31,-216097218000000.0,BBCA.JK,Bank Central Asia
Purchase Of Investment,2023-12-31,-162625112000000.0,BBCA.JK,Bank Central Asia
Purchase Of Investment,2022-12-31,-136240737000000.0,BBCA.JK,Bank Central Asia
Purchase Of Investment,2021-12-31,,BBCA.JK,Bank Central Asia
Net Business Purchase And Sale,2025-12-31,,BBCA.JK,Bank Central Asia
Net Business Purchase And Sale,2024-12-31,,BBCA.JK,Bank Central Asia
Net Business Purchase And Sale,2023-12-31,,BBCA.JK,Bank Central Asia
Net Business Purchase And Sale,2022-12-31,,BBCA.JK,Bank Central Asia
Net Business Purchase And Sale,2021-12-31,0.0,BBCA.JK,Bank Central Asia
Purchase Of Business,2025-12-31,,BBCA.JK,Bank Central Asia
Purchase Of Business,2024-12-31,,BBCA.JK,Bank Central Asia
Purchase Of Business,2023-12-31,,BBCA.JK,Bank Central Asia
Purchase Of Business,2022-12-31,,BBCA.JK,Bank Central Asia
Purchase Of Business,2021-12-31,0.0,BBCA.JK,Bank Central Asia
Net PPE Purchase And Sale,2025-12-31,-2445295000000.0,BBCA.JK,Bank Central Asia
Net PPE Purchase And Sale,2024-12-31,-4166801000000.0,BBCA.JK,Bank Central Asia
Net PPE Purchase And Sale,2023-12-31,-5077262000000.0,BBCA.JK,Bank Central Asia
Net PPE Purchase And Sale,2022-12-31,-3349686000000.0,BBCA.JK,Bank Central Asia
Net PPE Purchase And Sale,2021-12-31,,BBCA.JK,Bank Central Asia
Sale Of PPE,2025-12-31,5915000000.0,BBCA.JK,Bank Central Asia
Sale Of PPE,2024-12-31,6378000000.0,BBCA.JK,Bank Central Asia
Sale Of PPE,2023-12-31,22086000000.0,BBCA.JK,Bank Central Asia
Sale Of PPE,2022-12-31,5320000000.0,BBCA.JK,Bank Central Asia
Sale Of PPE,2021-12-31,,BBCA.JK,Bank Central Asia
Purchase Of PPE,2025-12-31,-2451210000000.0,BBCA.JK,Bank Central Asia
Purchase Of PPE,2024-12-31,-4173179000000.0,BBCA.JK,Bank Central Asia
Purchase Of PPE,2023-12-31,-5099348000000.0,BBCA.JK,Bank Central Asia
Purchase Of PPE,2022-12-31,-3355006000000.0,BBCA.JK,Bank Central Asia
Purchase Of PPE,2021-12-31,,BBCA.JK,Bank Central Asia
Operating Cash Flow,2025-12-31,77508785000000.0,BBCA.JK,Bank Central Asia
Operating Cash Flow,2024-12-31,53820229000000.0,BBCA.JK,Bank Central Asia
Operating Cash Flow,2023-12-31,58063775000000.0,BBCA.JK,Bank Central Asia
Operating Cash Flow,2022-12-31,33779263000000.0,BBCA.JK,Bank Central Asia
Operating Cash Flow,2021-12-31,,BBCA.JK,Bank Central Asia
Cash Flowsfromusedin Operating Activities Direct,2025-12-31,77508785000000.0,BBCA.JK,Bank Central Asia
Cash Flowsfromusedin Operating Activities Direct,2024-12-31,53820229000000.0,BBCA.JK,Bank Central Asia
Cash Flowsfromusedin Operating Activities Direct,2023-12-31,58063775000000.0,BBCA.JK,Bank Central Asia
Cash Flowsfromusedin Operating Activities Direct,2022-12-31,33779263000000.0,BBCA.JK,Bank Central Asia
Cash Flowsfromusedin Operating Activities Direct,2021-12-31,,BBCA.JK,Bank Central Asia
Classesof Cash Payments,2025-12-31,-158264768000000.0,BBCA.JK,Bank Central Asia
Classesof Cash Payments,2024-12-31,-190894035000000.0,BBCA.JK,Bank Central Asia
Classesof Cash Payments,2023-12-31,-190633520000000.0,BBCA.JK,Bank Central Asia
Classesof Cash Payments,2022-12-31,-137618243000000.0,BBCA.JK,Bank Central Asia
Classesof Cash Payments,2021-12-31,,BBCA.JK,Bank Central Asia
Other Cash Paymentsfrom Operating Activities,2025-12-31,-47658105000000.0,BBCA.JK,Bank Central Asia
Other Cash Paymentsfrom Operating Activities,2024-12-31,-43631620000000.0,BBCA.JK,Bank Central Asia
Other Cash Paymentsfrom Operating Activities,2023-12-31,-62760067000000.0,BBCA.JK,Bank Central Asia
Other Cash Paymentsfrom Operating Activities,2022-12-31,-34272471000000.0,BBCA.JK,Bank Central Asia
Other Cash Paymentsfrom Operating Activities,2021-12-31,,BBCA.JK,Bank Central Asia
Paymentson Behalfof Employees,2025-12-31,-2440106000000.0,BBCA.JK,Bank Central Asia
Paymentson Behalfof Employees,2024-12-31,-1930422000000.0,BBCA.JK,Bank Central Asia
Paymentson Behalfof Employees,2023-12-31,-1029720000000.0,BBCA.JK,Bank Central Asia
Paymentson Behalfof Employees,2022-12-31,-855848000000.0,BBCA.JK,Bank Central Asia
Paymentson Behalfof Employees,2021-12-31,,BBCA.JK,Bank Central Asia
Classesof Cash Receiptsfrom Operating Activities,2025-12-31,235773553000000.0,BBCA.JK,Bank Central Asia
Classesof Cash Receiptsfrom Operating Activities,2024-12-31,244714264000000.0,BBCA.JK,Bank Central Asia
Classesof Cash Receiptsfrom Operating Activities,2023-12-31,248697295000000.0,BBCA.JK,Bank Central Asia
Classesof Cash Receiptsfrom Operating Activities,2022-12-31,171397506000000.0,BBCA.JK,Bank Central Asia
Classesof Cash Receiptsfrom Operating Activities,2021-12-31,,BBCA.JK,Bank Central Asia
Other Cash Receiptsfrom Operating Activities,2025-12-31,6093679000000.0,BBCA.JK,Bank Central Asia
Other Cash Receiptsfrom Operating Activities,2024-12-31,12829990000000.0,BBCA.JK,Bank Central Asia
Other Cash Receiptsfrom Operating Activities,2023-12-31,15938749000000.0,BBCA.JK,Bank Central Asia
Other Cash Receiptsfrom Operating Activities,2022-12-31,14628211000000.0,BBCA.JK,Bank Central Asia
Other Cash Receiptsfrom Operating Activities,2021-12-31,,BBCA.JK,Bank Central Asia
Free Cash Flow,2025-12-31,199035811000000.0,BMRI.JK,Bank Mandiri
Free Cash Flow,2024-12-31,-88102174000000.0,BMRI.JK,Bank Mandiri
Free Cash Flow,2023-12-31,-74824994000000.0,BMRI.JK,Bank Mandiri
Free Cash Flow,2022-12-31,92748840000000.0,BMRI.JK,Bank Mandiri
Free Cash Flow,2021-12-31,,BMRI.JK,Bank Mandiri
Repurchase Of Capital Stock,2025-12-31,-403625000000.0,BMRI.JK,Bank Mandiri
Repurchase Of Capital Stock,2024-12-31,0.0,BMRI.JK,Bank Mandiri
Repurchase Of Capital Stock,2023-12-31,,BMRI.JK,Bank Mandiri
Repurchase Of Capital Stock,2022-12-31,,BMRI.JK,Bank Mandiri
Repurchase Of Capital Stock,2021-12-31,0.0,BMRI.JK,Bank Mandiri
Repayment Of Debt,2025-12-31,-165916963000000.0,BMRI.JK,Bank Mandiri
Repayment Of Debt,2024-12-31,-84532401000000.0,BMRI.JK,Bank Mandiri
Repayment Of Debt,2023-12-31,-47405487000000.0,BMRI.JK,Bank Mandiri
Repayment Of Debt,2022-12-31,-16975021000000.0,BMRI.JK,Bank Mandiri
Repayment Of Debt,2021-12-31,,BMRI.JK,Bank Mandiri
Issuance Of Debt,2025-12-31,189399911000000.0,BMRI.JK,Bank Mandiri
Issuance Of Debt,2024-12-31,124716735000000.0,BMRI.JK,Bank Mandiri
Issuance Of Debt,2023-12-31,83967403000000.0,BMRI.JK,Bank Mandiri
Issuance Of Debt,2022-12-31,26313872000000.0,BMRI.JK,Bank Mandiri
Issuance Of Debt,2021-12-31,,BMRI.JK,Bank Mandiri
Issuance Of Capital Stock,2025-12-31,,BMRI.JK,Bank Mandiri
Issuance Of Capital Stock,2024-12-31,,BMRI.JK,Bank Mandiri
Issuance Of Capital Stock,2023-12-31,,BMRI.JK,Bank Mandiri
Issuance Of Capital Stock,2022-12-31,,BMRI.JK,Bank Mandiri
Issuance Of Capital Stock,2021-12-31,0.0,BMRI.JK,Bank Mandiri
Capital Expenditure,2025-12-31,-7504327000000.0,BMRI.JK,Bank Mandiri
Capital Expenditure,2024-12-31,-8543896000000.0,BMRI.JK,Bank Mandiri
Capital Expenditure,2023-12-31,-5021036000000.0,BMRI.JK,Bank Mandiri
Capital Expenditure,2022-12-31,-7226465000000.0,BMRI.JK,Bank Mandiri
Capital Expenditure,2021-12-31,,BMRI.JK,Bank Mandiri
End Cash Position,2025-12-31,379877189000000.0,BMRI.JK,Bank Mandiri
End Cash Position,2024-12-31,244038123000000.0,BMRI.JK,Bank Mandiri
End Cash Position,2023-12-31,243801693000000.0,BMRI.JK,Bank Mandiri
End Cash Position,2022-12-31,274889544000000.0,BMRI.JK,Bank Mandiri
End Cash Position,2021-12-31,,BMRI.JK,Bank Mandiri
Other Cash Adjustment Outside Changein Cash,2025-12-31,-68900000000.0,BMRI.JK,Bank Mandiri
Other Cash Adjustment Outside Changein Cash,2024-12-31,,BMRI.JK,Bank Mandiri
Other Cash Adjustment Outside Changein Cash,2023-12-31,,BMRI.JK,Bank Mandiri
Other Cash Adjustment Outside Changein Cash,2022-12-31,,BMRI.JK,Bank Mandiri
Other Cash Adjustment Outside Changein Cash,2021-12-31,,BMRI.JK,Bank Mandiri
Beginning Cash Position,2025-12-31,244038123000000.0,BMRI.JK,Bank Mandiri
Beginning Cash Position,2024-12-31,243801693000000.0,BMRI.JK,Bank Mandiri
Beginning Cash Position,2023-12-31,274889544000000.0,BMRI.JK,Bank Mandiri
Beginning Cash Position,2022-12-31,193631712000000.0,BMRI.JK,Bank Mandiri
Beginning Cash Position,2021-12-31,,BMRI.JK,Bank Mandiri
Effect Of Exchange Rate Changes,2025-12-31,3210036000000.0,BMRI.JK,Bank Mandiri
Effect Of Exchange Rate Changes,2024-12-31,4214862000000.0,BMRI.JK,Bank Mandiri
Effect Of Exchange Rate Changes,2023-12-31,-946566000000.0,BMRI.JK,Bank Mandiri
Effect Of Exchange Rate Changes,2022-12-31,9843138000000.0,BMRI.JK,Bank Mandiri
Effect Of Exchange Rate Changes,2021-12-31,,BMRI.JK,Bank Mandiri
Changes In Cash,2025-12-31,132697930000000.0,BMRI.JK,Bank Mandiri
Changes In Cash,2024-12-31,-3978432000000.0,BMRI.JK,Bank Mandiri
Changes In Cash,2023-12-31,-30141285000000.0,BMRI.JK,Bank Mandiri
Changes In Cash,2022-12-31,71414694000000.0,BMRI.JK,Bank Mandiri
Changes In Cash,2021-12-31,,BMRI.JK,Bank Mandiri
Financing Cash Flow,2025-12-31,-74629896000000.0,BMRI.JK,Bank Mandiri
Financing Cash Flow,2024-12-31,57849151000000.0,BMRI.JK,Bank Mandiri
Financing Cash Flow,2023-12-31,21778486000000.0,BMRI.JK,Bank Mandiri
Financing Cash Flow,2022-12-31,13329320000000.0,BMRI.JK,Bank Mandiri
Financing Cash Flow,2021-12-31,,BMRI.JK,Bank Mandiri
Net Other Financing Charges,2025-12-31,-52356534000000.0,BMRI.JK,Bank Mandiri
Net Other Financing Charges,2024-12-31,52352351000000.0,BMRI.JK,Bank Mandiri
Net Other Financing Charges,2023-12-31,11611121000000.0,BMRI.JK,Bank Mandiri
Net Other Financing Charges,2022-12-31,20807362000000.0,BMRI.JK,Bank Mandiri
Net Other Financing Charges,2021-12-31,,BMRI.JK,Bank Mandiri
Cash Dividends Paid,2025-12-31,-43510539000000.0,BMRI.JK,Bank Mandiri
Cash Dividends Paid,2024-12-31,-33036034000000.0,BMRI.JK,Bank Mandiri
Cash Dividends Paid,2023-12-31,-24702382000000.0,BMRI.JK,Bank Mandiri
Cash Dividends Paid,2022-12-31,-16816893000000.0,BMRI.JK,Bank Mandiri
Cash Dividends Paid,2021-12-31,,BMRI.JK,Bank Mandiri
Common Stock Dividend Paid,2025-12-31,-43510539000000.0,BMRI.JK,Bank Mandiri
Common Stock Dividend Paid,2024-12-31,-33036034000000.0,BMRI.JK,Bank Mandiri
Common Stock Dividend Paid,2023-12-31,-24702382000000.0,BMRI.JK,Bank Mandiri
Common Stock Dividend Paid,2022-12-31,-16816893000000.0,BMRI.JK,Bank Mandiri
Common Stock Dividend Paid,2021-12-31,,BMRI.JK,Bank Mandiri
Net Common Stock Issuance,2025-12-31,-403625000000.0,BMRI.JK,Bank Mandiri
Net Common Stock Issuance,2024-12-31,0.0,BMRI.JK,Bank Mandiri
Net Common Stock Issuance,2023-12-31,,BMRI.JK,Bank Mandiri
Net Common Stock Issuance,2022-12-31,,BMRI.JK,Bank Mandiri
Net Common Stock Issuance,2021-12-31,0.0,BMRI.JK,Bank Mandiri
Common Stock Payments,2025-12-31,-403625000000.0,BMRI.JK,Bank Mandiri
Common Stock Payments,2024-12-31,0.0,BMRI.JK,Bank Mandiri
Common Stock Payments,2023-12-31,,BMRI.JK,Bank Mandiri
Common Stock Payments,2022-12-31,,BMRI.JK,Bank Mandiri
Common Stock Payments,2021-12-31,0.0,BMRI.JK,Bank Mandiri
Common Stock Issuance,2025-12-31,,BMRI.JK,Bank Mandiri
Common Stock Issuance,2024-12-31,,BMRI.JK,Bank Mandiri
Common Stock Issuance,2023-12-31,,BMRI.JK,Bank Mandiri
Common Stock Issuance,2022-12-31,,BMRI.JK,Bank Mandiri
Common Stock Issuance,2021-12-31,0.0,BMRI.JK,Bank Mandiri
Net Issuance Payments Of Debt,2025-12-31,23482948000000.0,BMRI.JK,Bank Mandiri
Net Issuance Payments Of Debt,2024-12-31,40184334000000.0,BMRI.JK,Bank Mandiri
Net Issuance Payments Of Debt,2023-12-31,36561916000000.0,BMRI.JK,Bank Mandiri
Net Issuance Payments Of Debt,2022-12-31,9338851000000.0,BMRI.JK,Bank Mandiri
Net Issuance Payments Of Debt,2021-12-31,,BMRI.JK,Bank Mandiri
Net Long Term Debt Issuance,2025-12-31,23482948000000.0,BMRI.JK,Bank Mandiri
Net Long Term Debt Issuance,2024-12-31,40184334000000.0,BMRI.JK,Bank Mandiri
Net Long Term Debt Issuance,2023-12-31,36561916000000.0,BMRI.JK,Bank Mandiri
Net Long Term Debt Issuance,2022-12-31,9338851000000.0,BMRI.JK,Bank Mandiri
Net Long Term Debt Issuance,2021-12-31,,BMRI.JK,Bank Mandiri
Long Term Debt Payments,2025-12-31,-165916963000000.0,BMRI.JK,Bank Mandiri
Long Term Debt Payments,2024-12-31,-84532401000000.0,BMRI.JK,Bank Mandiri
Long Term Debt Payments,2023-12-31,-47405487000000.0,BMRI.JK,Bank Mandiri
Long Term Debt Payments,2022-12-31,-16975021000000.0,BMRI.JK,Bank Mandiri
Long Term Debt Payments,2021-12-31,,BMRI.JK,Bank Mandiri
Long Term Debt Issuance,2025-12-31,189399911000000.0,BMRI.JK,Bank Mandiri
Long Term Debt Issuance,2024-12-31,124716735000000.0,BMRI.JK,Bank Mandiri
Long Term Debt Issuance,2023-12-31,83967403000000.0,BMRI.JK,Bank Mandiri
Long Term Debt Issuance,2022-12-31,26313872000000.0,BMRI.JK,Bank Mandiri
Long Term Debt Issuance,2021-12-31,,BMRI.JK,Bank Mandiri
Investing Cash Flow,2025-12-31,787688000000.0,BMRI.JK,Bank Mandiri
Investing Cash Flow,2024-12-31,17730695000000.0,BMRI.JK,Bank Mandiri
Investing Cash Flow,2023-12-31,17884187000000.0,BMRI.JK,Bank Mandiri
Investing Cash Flow,2022-12-31,-41889931000000.0,BMRI.JK,Bank Mandiri
Investing Cash Flow,2021-12-31,,BMRI.JK,Bank Mandiri
Net Investment Purchase And Sale,2025-12-31,8252867000000.0,BMRI.JK,Bank Mandiri
Net Investment Purchase And Sale,2024-12-31,25322489000000.0,BMRI.JK,Bank Mandiri
Net Investment Purchase And Sale,2023-12-31,22552290000000.0,BMRI.JK,Bank Mandiri
Net Investment Purchase And Sale,2022-12-31,-34359095000000.0,BMRI.JK,Bank Mandiri
Net Investment Purchase And Sale,2021-12-31,,BMRI.JK,Bank Mandiri
Sale Of Investment,2025-12-31,11096966000000.0,BMRI.JK,Bank Mandiri
Sale Of Investment,2024-12-31,29535716000000.0,BMRI.JK,Bank Mandiri
Sale Of Investment,2023-12-31,30052757000000.0,BMRI.JK,Bank Mandiri
Sale Of Investment,2022-12-31,10165845000000.0,BMRI.JK,Bank Mandiri
Sale Of Investment,2021-12-31,,BMRI.JK,Bank Mandiri
Purchase Of Investment,2025-12-31,-2844099000000.0,BMRI.JK,Bank Mandiri
Purchase Of Investment,2024-12-31,-4213227000000.0,BMRI.JK,Bank Mandiri
Purchase Of Investment,2023-12-31,-7500467000000.0,BMRI.JK,Bank Mandiri
Purchase Of Investment,2022-12-31,-44524940000000.0,BMRI.JK,Bank Mandiri
Purchase Of Investment,2021-12-31,,BMRI.JK,Bank Mandiri
Net Business Purchase And Sale,2025-12-31,-1000000000.0,BMRI.JK,Bank Mandiri
Net Business Purchase And Sale,2024-12-31,916212000000.0,BMRI.JK,Bank Mandiri
Net Business Purchase And Sale,2023-12-31,110230000000.0,BMRI.JK,Bank Mandiri
Net Business Purchase And Sale,2022-12-31,-308314000000.0,BMRI.JK,Bank Mandiri
Net Business Purchase And Sale,2021-12-31,,BMRI.JK,Bank Mandiri
Sale Of Business,2025-12-31,0.0,BMRI.JK,Bank Mandiri
Sale Of Business,2024-12-31,951284000000.0,BMRI.JK,Bank Mandiri
Sale Of Business,2023-12-31,140000000000.0,BMRI.JK,Bank Mandiri
Sale Of Business,2022-12-31,0.0,BMRI.JK,Bank Mandiri
Sale Of Business,2021-12-31,,BMRI.JK,Bank Mandiri
Purchase Of Business,2025-12-31,-1000000000.0,BMRI.JK,Bank Mandiri
Purchase Of Business,2024-12-31,-35072000000.0,BMRI.JK,Bank Mandiri
Purchase Of Business,2023-12-31,-29770000000.0,BMRI.JK,Bank Mandiri
Purchase Of Business,2022-12-31,-308314000000.0,BMRI.JK,Bank Mandiri
Purchase Of Business,2021-12-31,,BMRI.JK,Bank Mandiri
Net Intangibles Purchase And Sale,2025-12-31,-2048023000000.0,BMRI.JK,Bank Mandiri
Net Intangibles Purchase And Sale,2024-12-31,-2402345000000.0,BMRI.JK,Bank Mandiri
Net Intangibles Purchase And Sale,2023-12-31,-1934659000000.0,BMRI.JK,Bank Mandiri
Net Intangibles Purchase And Sale,2022-12-31,-1091799000000.0,BMRI.JK,Bank Mandiri
Net Intangibles Purchase And Sale,2021-12-31,,BMRI.JK,Bank Mandiri
Purchase Of Intangibles,2025-12-31,-2048023000000.0,BMRI.JK,Bank Mandiri
Purchase Of Intangibles,2024-12-31,-2402345000000.0,BMRI.JK,Bank Mandiri
Purchase Of Intangibles,2023-12-31,-1934659000000.0,BMRI.JK,Bank Mandiri
Purchase Of Intangibles,2022-12-31,-1091799000000.0,BMRI.JK,Bank Mandiri
Purchase Of Intangibles,2021-12-31,,BMRI.JK,Bank Mandiri
Net PPE Purchase And Sale,2025-12-31,-5416156000000.0,BMRI.JK,Bank Mandiri
Net PPE Purchase And Sale,2024-12-31,-6105661000000.0,BMRI.JK,Bank Mandiri
Net PPE Purchase And Sale,2023-12-31,-2843674000000.0,BMRI.JK,Bank Mandiri
Net PPE Purchase And Sale,2022-12-31,-6130723000000.0,BMRI.JK,Bank Mandiri
Net PPE Purchase And Sale,2021-12-31,,BMRI.JK,Bank Mandiri
Sale Of PPE,2025-12-31,40148000000.0,BMRI.JK,Bank Mandiri
Sale Of PPE,2024-12-31,35890000000.0,BMRI.JK,Bank Mandiri
Sale Of PPE,2023-12-31,242703000000.0,BMRI.JK,Bank Mandiri
Sale Of PPE,2022-12-31,3943000000.0,BMRI.JK,Bank Mandiri
Sale Of PPE,2021-12-31,,BMRI.JK,Bank Mandiri
Purchase Of PPE,2025-12-31,-5456304000000.0,BMRI.JK,Bank Mandiri
Purchase Of PPE,2024-12-31,-6141551000000.0,BMRI.JK,Bank Mandiri
Purchase Of PPE,2023-12-31,-3086377000000.0,BMRI.JK,Bank Mandiri
Purchase Of PPE,2022-12-31,-6134666000000.0,BMRI.JK,Bank Mandiri
Purchase Of PPE,2021-12-31,,BMRI.JK,Bank Mandiri
Operating Cash Flow,2025-12-31,206540138000000.0,BMRI.JK,Bank Mandiri
Operating Cash Flow,2024-12-31,-79558278000000.0,BMRI.JK,Bank Mandiri
Operating Cash Flow,2023-12-31,-69803958000000.0,BMRI.JK,Bank Mandiri
Operating Cash Flow,2022-12-31,99975305000000.0,BMRI.JK,Bank Mandiri
Operating Cash Flow,2021-12-31,,BMRI.JK,Bank Mandiri
Cash Flowsfromusedin Operating Activities Direct,2025-12-31,206540138000000.0,BMRI.JK,Bank Mandiri
Cash Flowsfromusedin Operating Activities Direct,2024-12-31,-79558278000000.0,BMRI.JK,Bank Mandiri
Cash Flowsfromusedin Operating Activities Direct,2023-12-31,-69803958000000.0,BMRI.JK,Bank Mandiri
Cash Flowsfromusedin Operating Activities Direct,2022-12-31,99975305000000.0,BMRI.JK,Bank Mandiri
Cash Flowsfromusedin Operating Activities Direct,2021-12-31,,BMRI.JK,Bank Mandiri
Classesof Cash Payments,2025-12-31,-883522596000000.0,BMRI.JK,Bank Mandiri
Classesof Cash Payments,2024-12-31,-925206127000000.0,BMRI.JK,Bank Mandiri
Classesof Cash Payments,2023-12-31,-571099121000000.0,BMRI.JK,Bank Mandiri
Classesof Cash Payments,2022-12-31,-561001621000000.0,BMRI.JK,Bank Mandiri
Classesof Cash Payments,2021-12-31,,BMRI.JK,Bank Mandiri
Other Cash Paymentsfrom Operating Activities,2025-12-31,-601403124000000.0,BMRI.JK,Bank Mandiri
Other Cash Paymentsfrom Operating Activities,2024-12-31,-592924544000000.0,BMRI.JK,Bank Mandiri
Other Cash Paymentsfrom Operating Activities,2023-12-31,-300492733000000.0,BMRI.JK,Bank Mandiri
Other Cash Paymentsfrom Operating Activities,2022-12-31,-370613891000000.0,BMRI.JK,Bank Mandiri
Other Cash Paymentsfrom Operating Activities,2021-12-31,,BMRI.JK,Bank Mandiri
Paymentson Behalfof Employees,2025-12-31,-26116921000000.0,BMRI.JK,Bank Mandiri
Paymentson Behalfof Employees,2024-12-31,-28501269000000.0,BMRI.JK,Bank Mandiri
Paymentson Behalfof Employees,2023-12-31,-25143475000000.0,BMRI.JK,Bank Mandiri
Paymentson Behalfof Employees,2022-12-31,-22892424000000.0,BMRI.JK,Bank Mandiri
Paymentson Behalfof Employees,2021-12-31,,BMRI.JK,Bank Mandiri
Classesof Cash Receiptsfrom Operating Activities,2025-12-31,1090062734000000.0,BMRI.JK,Bank Mandiri
Classesof Cash Receiptsfrom Operating Activities,2024-12-31,845647849000000.0,BMRI.JK,Bank Mandiri
Classesof Cash Receiptsfrom Operating Activities,2023-12-31,501295163000000.0,BMRI.JK,Bank Mandiri
Classesof Cash Receiptsfrom Operating Activities,2022-12-31,660976926000000.0,BMRI.JK,Bank Mandiri
Classesof Cash Receiptsfrom Operating Activities,2021-12-31,,BMRI.JK,Bank Mandiri
Other Cash Receiptsfrom Operating Activities,2025-12-31,31309984000000.0,BMRI.JK,Bank Mandiri
Other Cash Receiptsfrom Operating Activities,2024-12-31,31571392000000.0,BMRI.JK,Bank Mandiri
Other Cash Receiptsfrom Operating Activities,2023-12-31,37113485000000.0,BMRI.JK,Bank Mandiri
Other Cash Receiptsfrom Operating Activities,2022-12-31,25802973000000.0,BMRI.JK,Bank Mandiri
Other Cash Receiptsfrom Operating Activities,2021-12-31,,BMRI.JK,Bank Mandiri
Free Cash Flow,2025-12-31,38074000000000.0,TLKM.JK,Telkom Indonesia
Free Cash Flow,2024-12-31,31937000000000.0,TLKM.JK,Telkom Indonesia
Free Cash Flow,2023-12-31,24161000000000.0,TLKM.JK,Telkom Indonesia
Free Cash Flow,2022-12-31,35085000000000.0,TLKM.JK,Telkom Indonesia
Free Cash Flow,2021-12-31,,TLKM.JK,Telkom Indonesia
Repurchase Of Capital Stock,2025-12-31,-30000000000.0,TLKM.JK,Telkom Indonesia
Repurchase Of Capital Stock,2024-12-31,0.0,TLKM.JK,Telkom Indonesia
Repurchase Of Capital Stock,2023-12-31,0.0,TLKM.JK,Telkom Indonesia
Repurchase Of Capital Stock,2022-12-31,,TLKM.JK,Telkom Indonesia
Repurchase Of Capital Stock,2021-12-31,,TLKM.JK,Telkom Indonesia
Repayment Of Debt,2025-12-31,-79393000000000.0,TLKM.JK,Telkom Indonesia
Repayment Of Debt,2024-12-31,-54994000000000.0,TLKM.JK,Telkom Indonesia
Repayment Of Debt,2023-12-31,-41923000000000.0,TLKM.JK,Telkom Indonesia
Repayment Of Debt,2022-12-31,-51328000000000.0,TLKM.JK,Telkom Indonesia
Repayment Of Debt,2021-12-31,,TLKM.JK,Telkom Indonesia
Issuance Of Debt,2025-12-31,69895000000000.0,TLKM.JK,Telkom Indonesia
Issuance Of Debt,2024-12-31,52653000000000.0,TLKM.JK,Telkom Indonesia
Issuance Of Debt,2023-12-31,38834000000000.0,TLKM.JK,Telkom Indonesia
Issuance Of Debt,2022-12-31,35958000000000.0,TLKM.JK,Telkom Indonesia
Issuance Of Debt,2021-12-31,,TLKM.JK,Telkom Indonesia
Issuance Of Capital Stock,2025-12-31,270000000000.0,TLKM.JK,Telkom Indonesia
Issuance Of Capital Stock,2024-12-31,322000000000.0,TLKM.JK,Telkom Indonesia
Issuance Of Capital Stock,2023-12-31,2961000000000.0,TLKM.JK,Telkom Indonesia
Issuance Of Capital Stock,2022-12-31,45000000000.0,TLKM.JK,Telkom Indonesia
Issuance Of Capital Stock,2021-12-31,,TLKM.JK,Telkom Indonesia
Capital Expenditure,2025-12-31,-25768000000000.0,TLKM.JK,Telkom Indonesia
Capital Expenditure,2024-12-31,-29663000000000.0,TLKM.JK,Telkom Indonesia
Capital Expenditure,2023-12-31,-36420000000000.0,TLKM.JK,Telkom Indonesia
Capital Expenditure,2022-12-31,-38269000000000.0,TLKM.JK,Telkom Indonesia
Capital Expenditure,2021-12-31,,TLKM.JK,Telkom Indonesia
End Cash Position,2025-12-31,34228000000000.0,TLKM.JK,Telkom Indonesia
End Cash Position,2024-12-31,33905000000000.0,TLKM.JK,Telkom Indonesia
End Cash Position,2023-12-31,29007000000000.0,TLKM.JK,Telkom Indonesia
End Cash Position,2022-12-31,31947000000000.0,TLKM.JK,Telkom Indonesia
End Cash Position,2021-12-31,,TLKM.JK,Telkom Indonesia
Other Cash Adjustment Outside Changein Cash,2025-12-31,-1000000000.0,TLKM.JK,Telkom Indonesia
Other Cash Adjustment Outside Changein Cash,2024-12-31,-1000000000.0,TLKM.JK,Telkom Indonesia
Other Cash Adjustment Outside Changein Cash,2023-12-31,-1000000000.0,TLKM.JK,Telkom Indonesia
Other Cash Adjustment Outside Changein Cash,2022-12-31,-1000000000.0,TLKM.JK,Telkom Indonesia
Other Cash Adjustment Outside Changein Cash,2021-12-31,,TLKM.JK,Telkom Indonesia
Beginning Cash Position,2025-12-31,33905000000000.0,TLKM.JK,Telkom Indonesia
Beginning Cash Position,2024-12-31,29007000000000.0,TLKM.JK,Telkom Indonesia
Beginning Cash Position,2023-12-31,31947000000000.0,TLKM.JK,Telkom Indonesia
Beginning Cash Position,2022-12-31,38311000000000.0,TLKM.JK,Telkom Indonesia
Beginning Cash Position,2021-12-31,,TLKM.JK,Telkom Indonesia
Effect Of Exchange Rate Changes,2025-12-31,320000000000.0,TLKM.JK,Telkom Indonesia
Effect Of Exchange Rate Changes,2024-12-31,260000000000.0,TLKM.JK,Telkom Indonesia
Effect Of Exchange Rate Changes,2023-12-31,-44000000000.0,TLKM.JK,Telkom Indonesia
Effect Of Exchange Rate Changes,2022-12-31,370000000000.0,TLKM.JK,Telkom Indonesia
Effect Of Exchange Rate Changes,2021-12-31,,TLKM.JK,Telkom Indonesia
Changes In Cash,2025-12-31,4000000000.0,TLKM.JK,Telkom Indonesia
Changes In Cash,2024-12-31,4639000000000.0,TLKM.JK,Telkom Indonesia
Changes In Cash,2023-12-31,-2895000000000.0,TLKM.JK,Telkom Indonesia
Changes In Cash,2022-12-31,-6733000000000.0,TLKM.JK,Telkom Indonesia
Changes In Cash,2021-12-31,,TLKM.JK,Telkom Indonesia
Financing Cash Flow,2025-12-31,-37743000000000.0,TLKM.JK,Telkom Indonesia
Financing Cash Flow,2024-12-31,-27505000000000.0,TLKM.JK,Telkom Indonesia
Financing Cash Flow,2023-12-31,-26565000000000.0,TLKM.JK,Telkom Indonesia
Financing Cash Flow,2022-12-31,-40965000000000.0,TLKM.JK,Telkom Indonesia
Financing Cash Flow,2021-12-31,,TLKM.JK,Telkom Indonesia
Cash Flow From Continuing Financing Activities,2025-12-31,-37743000000000.0,TLKM.JK,Telkom Indonesia
Cash Flow From Continuing Financing Activities,2024-12-31,-27505000000000.0,TLKM.JK,Telkom Indonesia
Cash Flow From Continuing Financing Activities,2023-12-31,-26565000000000.0,TLKM.JK,Telkom Indonesia
Cash Flow From Continuing Financing Activities,2022-12-31,-40965000000000.0,TLKM.JK,Telkom Indonesia
Cash Flow From Continuing Financing Activities,2021-12-31,,TLKM.JK,Telkom Indonesia
Net Other Financing Charges,2025-12-31,-7438000000000.0,TLKM.JK,Telkom Indonesia
Net Other Financing Charges,2024-12-31,-7803000000000.0,TLKM.JK,Telkom Indonesia
Net Other Financing Charges,2023-12-31,-9834000000000.0,TLKM.JK,Telkom Indonesia
Net Other Financing Charges,2022-12-31,-10784000000000.0,TLKM.JK,Telkom Indonesia
Net Other Financing Charges,2021-12-31,,TLKM.JK,Telkom Indonesia
Cash Dividends Paid,2025-12-31,-21047000000000.0,TLKM.JK,Telkom Indonesia
Cash Dividends Paid,2024-12-31,-17683000000000.0,TLKM.JK,Telkom Indonesia
Cash Dividends Paid,2023-12-31,-16603000000000.0,TLKM.JK,Telkom Indonesia
Cash Dividends Paid,2022-12-31,-14856000000000.0,TLKM.JK,Telkom Indonesia
Cash Dividends Paid,2021-12-31,,TLKM.JK,Telkom Indonesia
Common Stock Dividend Paid,2025-12-31,-21047000000000.0,TLKM.JK,Telkom Indonesia
Common Stock Dividend Paid,2024-12-31,-17683000000000.0,TLKM.JK,Telkom Indonesia
Common Stock Dividend Paid,2023-12-31,-16603000000000.0,TLKM.JK,Telkom Indonesia
Common Stock Dividend Paid,2022-12-31,-14856000000000.0,TLKM.JK,Telkom Indonesia
Common Stock Dividend Paid,2021-12-31,,TLKM.JK,Telkom Indonesia
Net Common Stock Issuance,2025-12-31,240000000000.0,TLKM.JK,Telkom Indonesia
Net Common Stock Issuance,2024-12-31,322000000000.0,TLKM.JK,Telkom Indonesia
Net Common Stock Issuance,2023-12-31,2961000000000.0,TLKM.JK,Telkom Indonesia
Net Common Stock Issuance,2022-12-31,45000000000.0,TLKM.JK,Telkom Indonesia
Net Common Stock Issuance,2021-12-31,,TLKM.JK,Telkom Indonesia
Common Stock Payments,2025-12-31,-30000000000.0,TLKM.JK,Telkom Indonesia
Common Stock Payments,2024-12-31,0.0,TLKM.JK,Telkom Indonesia
Common Stock Payments,2023-12-31,0.0,TLKM.JK,Telkom Indonesia
Common Stock Payments,2022-12-31,,TLKM.JK,Telkom Indonesia
Common Stock Payments,2021-12-31,,TLKM.JK,Telkom Indonesia
Common Stock Issuance,2025-12-31,270000000000.0,TLKM.JK,Telkom Indonesia
Common Stock Issuance,2024-12-31,322000000000.0,TLKM.JK,Telkom Indonesia
Common Stock Issuance,2023-12-31,2961000000000.0,TLKM.JK,Telkom Indonesia
Common Stock Issuance,2022-12-31,45000000000.0,TLKM.JK,Telkom Indonesia
Common Stock Issuance,2021-12-31,,TLKM.JK,Telkom Indonesia
Net Issuance Payments Of Debt,2025-12-31,-9498000000000.0,TLKM.JK,Telkom Indonesia
Net Issuance Payments Of Debt,2024-12-31,-2341000000000.0,TLKM.JK,Telkom Indonesia
Net Issuance Payments Of Debt,2023-12-31,-3089000000000.0,TLKM.JK,Telkom Indonesia
Net Issuance Payments Of Debt,2022-12-31,-15370000000000.0,TLKM.JK,Telkom Indonesia
Net Issuance Payments Of Debt,2021-12-31,,TLKM.JK,Telkom Indonesia
Net Short Term Debt Issuance,2025-12-31,,TLKM.JK,Telkom Indonesia
Net Short Term Debt Issuance,2024-12-31,,TLKM.JK,Telkom Indonesia
Net Short Term Debt Issuance,2023-12-31,3511000000000.0,TLKM.JK,Telkom Indonesia
Net Short Term Debt Issuance,2022-12-31,-8346000000000.0,TLKM.JK,Telkom Indonesia
Net Short Term Debt Issuance,2021-12-31,2872000000000.0,TLKM.JK,Telkom Indonesia
Short Term Debt Payments,2025-12-31,,TLKM.JK,Telkom Indonesia
Short Term Debt Payments,2024-12-31,,TLKM.JK,Telkom Indonesia
Short Term Debt Payments,2023-12-31,-35323000000000.0,TLKM.JK,Telkom Indonesia
Short Term Debt Payments,2022-12-31,-44304000000000.0,TLKM.JK,Telkom Indonesia
Short Term Debt Payments,2021-12-31,-43740000000000.0,TLKM.JK,Telkom Indonesia
Short Term Debt Issuance,2025-12-31,,TLKM.JK,Telkom Indonesia
Short Term Debt Issuance,2024-12-31,,TLKM.JK,Telkom Indonesia
Short Term Debt Issuance,2023-12-31,38834000000000.0,TLKM.JK,Telkom Indonesia
Short Term Debt Issuance,2022-12-31,35958000000000.0,TLKM.JK,Telkom Indonesia
Short Term Debt Issuance,2021-12-31,46612000000000.0,TLKM.JK,Telkom Indonesia
Net Long Term Debt Issuance,2025-12-31,-9498000000000.0,TLKM.JK,Telkom Indonesia
Net Long Term Debt Issuance,2024-12-31,-2341000000000.0,TLKM.JK,Telkom Indonesia
Net Long Term Debt Issuance,2023-12-31,-3089000000000.0,TLKM.JK,Telkom Indonesia
Net Long Term Debt Issuance,2022-12-31,-15370000000000.0,TLKM.JK,Telkom Indonesia
Net Long Term Debt Issuance,2021-12-31,,TLKM.JK,Telkom Indonesia
Long Term Debt Payments,2025-12-31,-79393000000000.0,TLKM.JK,Telkom Indonesia
Long Term Debt Payments,2024-12-31,-54994000000000.0,TLKM.JK,Telkom Indonesia
Long Term Debt Payments,2023-12-31,-41923000000000.0,TLKM.JK,Telkom Indonesia
Long Term Debt Payments,2022-12-31,-51328000000000.0,TLKM.JK,Telkom Indonesia
Long Term Debt Payments,2021-12-31,,TLKM.JK,Telkom Indonesia
Long Term Debt Issuance,2025-12-31,69895000000000.0,TLKM.JK,Telkom Indonesia
Long Term Debt Issuance,2024-12-31,52653000000000.0,TLKM.JK,Telkom Indonesia
Long Term Debt Issuance,2023-12-31,38834000000000.0,TLKM.JK,Telkom Indonesia
Long Term Debt Issuance,2022-12-31,35958000000000.0,TLKM.JK,Telkom Indonesia
Long Term Debt Issuance,2021-12-31,,TLKM.JK,Telkom Indonesia
Investing Cash Flow,2025-12-31,-26095000000000.0,TLKM.JK,Telkom Indonesia
Investing Cash Flow,2024-12-31,-29456000000000.0,TLKM.JK,Telkom Indonesia
Investing Cash Flow,2023-12-31,-36911000000000.0,TLKM.JK,Telkom Indonesia
Investing Cash Flow,2022-12-31,-39122000000000.0,TLKM.JK,Telkom Indonesia
Investing Cash Flow,2021-12-31,,TLKM.JK,Telkom Indonesia
Cash Flow From Continuing Investing Activities,2025-12-31,-26095000000000.0,TLKM.JK,Telkom Indonesia
Cash Flow From Continuing Investing Activities,2024-12-31,-29456000000000.0,TLKM.JK,Telkom Indonesia
Cash Flow From Continuing Investing Activities,2023-12-31,-36911000000000.0,TLKM.JK,Telkom Indonesia
Cash Flow From Continuing Investing Activities,2022-12-31,-39122000000000.0,TLKM.JK,Telkom Indonesia
Cash Flow From Continuing Investing Activities,2021-12-31,,TLKM.JK,Telkom Indonesia
Net Other Investing Changes,2025-12-31,-966000000000.0,TLKM.JK,Telkom Indonesia
Net Other Investing Changes,2024-12-31,-187000000000.0,TLKM.JK,Telkom Indonesia
Net Other Investing Changes,2023-12-31,50000000000.0,TLKM.JK,Telkom Indonesia
Net Other Investing Changes,2022-12-31,859000000000.0,TLKM.JK,Telkom Indonesia
Net Other Investing Changes,2021-12-31,,TLKM.JK,Telkom Indonesia
Dividends Received Cfi,2025-12-31,0.0,TLKM.JK,Telkom Indonesia
Dividends Received Cfi,2024-12-31,3000000000.0,TLKM.JK,Telkom Indonesia
Dividends Received Cfi,2023-12-31,14000000000.0,TLKM.JK,Telkom Indonesia
Dividends Received Cfi,2022-12-31,17000000000.0,TLKM.JK,Telkom Indonesia
Dividends Received Cfi,2021-12-31,,TLKM.JK,Telkom Indonesia
Net Investment Purchase And Sale,2025-12-31,561000000000.0,TLKM.JK,Telkom Indonesia
Net Investment Purchase And Sale,2024-12-31,309000000000.0,TLKM.JK,Telkom Indonesia
Net Investment Purchase And Sale,2023-12-31,-655000000000.0,TLKM.JK,Telkom Indonesia
Net Investment Purchase And Sale,2022-12-31,-2255000000000.0,TLKM.JK,Telkom Indonesia
Net Investment Purchase And Sale,2021-12-31,,TLKM.JK,Telkom Indonesia
Sale Of Investment,2025-12-31,728000000000.0,TLKM.JK,Telkom Indonesia
Sale Of Investment,2024-12-31,339000000000.0,TLKM.JK,Telkom Indonesia
Sale Of Investment,2023-12-31,0.0,TLKM.JK,Telkom Indonesia
Sale Of Investment,2022-12-31,,TLKM.JK,Telkom Indonesia
Sale Of Investment,2021-12-31,807000000000.0,TLKM.JK,Telkom Indonesia
Purchase Of Investment,2025-12-31,-167000000000.0,TLKM.JK,Telkom Indonesia
Purchase Of Investment,2024-12-31,-30000000000.0,TLKM.JK,Telkom Indonesia
Purchase Of Investment,2023-12-31,-655000000000.0,TLKM.JK,Telkom Indonesia
Purchase Of Investment,2022-12-31,-2255000000000.0,TLKM.JK,Telkom Indonesia
Purchase Of Investment,2021-12-31,,TLKM.JK,Telkom Indonesia
Net Business Purchase And Sale,2025-12-31,0.0,TLKM.JK,Telkom Indonesia
Net Business Purchase And Sale,2024-12-31,-635000000000.0,TLKM.JK,Telkom Indonesia
Net Business Purchase And Sale,2023-12-31,0.0,TLKM.JK,Telkom Indonesia
Net Business Purchase And Sale,2022-12-31,0.0,TLKM.JK,Telkom Indonesia
Net Business Purchase And Sale,2021-12-31,,TLKM.JK,Telkom Indonesia
Sale Of Business,2025-12-31,,TLKM.JK,Telkom Indonesia
Sale Of Business,2024-12-31,,TLKM.JK,Telkom Indonesia
Sale Of Business,2023-12-31,,TLKM.JK,Telkom Indonesia
Sale Of Business,2022-12-31,,TLKM.JK,Telkom Indonesia
Sale Of Business,2021-12-31,0.0,TLKM.JK,Telkom Indonesia
Purchase Of Business,2025-12-31,0.0,TLKM.JK,Telkom Indonesia
Purchase Of Business,2024-12-31,-635000000000.0,TLKM.JK,Telkom Indonesia
Purchase Of Business,2023-12-31,0.0,TLKM.JK,Telkom Indonesia
Purchase Of Business,2022-12-31,0.0,TLKM.JK,Telkom Indonesia
Purchase Of Business,2021-12-31,,TLKM.JK,Telkom Indonesia
Net Intangibles Purchase And Sale,2025-12-31,-2897000000000.0,TLKM.JK,Telkom Indonesia
Net Intangibles Purchase And Sale,2024-12-31,-3658000000000.0,TLKM.JK,Telkom Indonesia
Net Intangibles Purchase And Sale,2023-12-31,-2817000000000.0,TLKM.JK,Telkom Indonesia
Net Intangibles Purchase And Sale,2022-12-31,-3259000000000.0,TLKM.JK,Telkom Indonesia
Net Intangibles Purchase And Sale,2021-12-31,,TLKM.JK,Telkom Indonesia
Purchase Of Intangibles,2025-12-31,-2897000000000.0,TLKM.JK,Telkom Indonesia
Purchase Of Intangibles,2024-12-31,-3658000000000.0,TLKM.JK,Telkom Indonesia
Purchase Of Intangibles,2023-12-31,-2817000000000.0,TLKM.JK,Telkom Indonesia
Purchase Of Intangibles,2022-12-31,-3259000000000.0,TLKM.JK,Telkom Indonesia
Purchase Of Intangibles,2021-12-31,,TLKM.JK,Telkom Indonesia
Net PPE Purchase And Sale,2025-12-31,-22793000000000.0,TLKM.JK,Telkom Indonesia
Net PPE Purchase And Sale,2024-12-31,-25288000000000.0,TLKM.JK,Telkom Indonesia
Net PPE Purchase And Sale,2023-12-31,-33503000000000.0,TLKM.JK,Telkom Indonesia
Net PPE Purchase And Sale,2022-12-31,-34484000000000.0,TLKM.JK,Telkom Indonesia
Net PPE Purchase And Sale,2021-12-31,,TLKM.JK,Telkom Indonesia
Sale Of PPE,2025-12-31,78000000000.0,TLKM.JK,Telkom Indonesia
Sale Of PPE,2024-12-31,717000000000.0,TLKM.JK,Telkom Indonesia
Sale Of PPE,2023-12-31,100000000000.0,TLKM.JK,Telkom Indonesia
Sale Of PPE,2022-12-31,526000000000.0,TLKM.JK,Telkom Indonesia
Sale Of PPE,2021-12-31,,TLKM.JK,Telkom Indonesia
Purchase Of PPE,2025-12-31,-22871000000000.0,TLKM.JK,Telkom Indonesia
Purchase Of PPE,2024-12-31,-26005000000000.0,TLKM.JK,Telkom Indonesia
Purchase Of PPE,2023-12-31,-33603000000000.0,TLKM.JK,Telkom Indonesia
Purchase Of PPE,2022-12-31,-35010000000000.0,TLKM.JK,Telkom Indonesia
Purchase Of PPE,2021-12-31,,TLKM.JK,Telkom Indonesia
Cash Flowsfromusedin Operating Activities Direct,2025-12-31,63842000000000.0,TLKM.JK,Telkom Indonesia
Cash Flowsfromusedin Operating Activities Direct,2024-12-31,61600000000000.0,TLKM.JK,Telkom Indonesia
Cash Flowsfromusedin Operating Activities Direct,2023-12-31,60581000000000.0,TLKM.JK,Telkom Indonesia
Cash Flowsfromusedin Operating Activities Direct,2022-12-31,73354000000000.0,TLKM.JK,Telkom Indonesia
Cash Flowsfromusedin Operating Activities Direct,2021-12-31,,TLKM.JK,Telkom Indonesia
Taxes Refund Paid Direct,2025-12-31,-10192000000000.0,TLKM.JK,Telkom Indonesia
Taxes Refund Paid Direct,2024-12-31,-12075000000000.0,TLKM.JK,Telkom Indonesia
Taxes Refund Paid Direct,2023-12-31,-11475000000000.0,TLKM.JK,Telkom Indonesia
Taxes Refund Paid Direct,2022-12-31,-6569000000000.0,TLKM.JK,Telkom Indonesia
Taxes Refund Paid Direct,2021-12-31,,TLKM.JK,Telkom Indonesia
Interest Received Direct,2025-12-31,1670000000000.0,TLKM.JK,Telkom Indonesia
Interest Received Direct,2024-12-31,1366000000000.0,TLKM.JK,Telkom Indonesia
Interest Received Direct,2023-12-31,1049000000000.0,TLKM.JK,Telkom Indonesia
Interest Received Direct,2022-12-31,865000000000.0,TLKM.JK,Telkom Indonesia
Interest Received Direct,2021-12-31,,TLKM.JK,Telkom Indonesia
Interest Paid Direct,2025-12-31,-5230000000000.0,TLKM.JK,Telkom Indonesia
Interest Paid Direct,2024-12-31,-5295000000000.0,TLKM.JK,Telkom Indonesia
Interest Paid Direct,2023-12-31,-4748000000000.0,TLKM.JK,Telkom Indonesia
Interest Paid Direct,2022-12-31,-4064000000000.0,TLKM.JK,Telkom Indonesia
Interest Paid Direct,2021-12-31,,TLKM.JK,Telkom Indonesia
Classesof Cash Payments,2025-12-31,-80942000000000.0,TLKM.JK,Telkom Indonesia
Classesof Cash Payments,2024-12-31,-84549000000000.0,TLKM.JK,Telkom Indonesia
Classesof Cash Payments,2023-12-31,-85452000000000.0,TLKM.JK,Telkom Indonesia
Classesof Cash Payments,2022-12-31,-72464000000000.0,TLKM.JK,Telkom Indonesia
Classesof Cash Payments,2021-12-31,,TLKM.JK,Telkom Indonesia
Other Cash Paymentsfrom Operating Activities,2025-12-31,-56109000000000.0,TLKM.JK,Telkom Indonesia
Other Cash Paymentsfrom Operating Activities,2024-12-31,-54966000000000.0,TLKM.JK,Telkom Indonesia
Other Cash Paymentsfrom Operating Activities,2023-12-31,-57180000000000.0,TLKM.JK,Telkom Indonesia
Other Cash Paymentsfrom Operating Activities,2022-12-31,-49432000000000.0,TLKM.JK,Telkom Indonesia
Other Cash Paymentsfrom Operating Activities,2021-12-31,,TLKM.JK,Telkom Indonesia
Paymentson Behalfof Employees,2025-12-31,-13319000000000.0,TLKM.JK,Telkom Indonesia
Paymentson Behalfof Employees,2024-12-31,-16364000000000.0,TLKM.JK,Telkom Indonesia
Paymentson Behalfof Employees,2023-12-31,-16116000000000.0,TLKM.JK,Telkom Indonesia
Paymentson Behalfof Employees,2022-12-31,-14052000000000.0,TLKM.JK,Telkom Indonesia
Paymentson Behalfof Employees,2021-12-31,,TLKM.JK,Telkom Indonesia
Paymentsto Suppliersfor Goodsand Services,2025-12-31,,TLKM.JK,Telkom Indonesia
Paymentsto Suppliersfor Goodsand Services,2024-12-31,,TLKM.JK,Telkom Indonesia
Paymentsto Suppliersfor Goodsand Services,2023-12-31,,TLKM.JK,Telkom Indonesia
Paymentsto Suppliersfor Goodsand Services,2022-12-31,,TLKM.JK,Telkom Indonesia
Paymentsto Suppliersfor Goodsand Services,2021-12-31,-5308000000000.0,TLKM.JK,Telkom Indonesia
Classesof Cash Receiptsfrom Operating Activities,2025-12-31,148344000000000.0,TLKM.JK,Telkom Indonesia
Classesof Cash Receiptsfrom Operating Activities,2024-12-31,150078000000000.0,TLKM.JK,Telkom Indonesia
Classesof Cash Receiptsfrom Operating Activities,2023-12-31,149732000000000.0,TLKM.JK,Telkom Indonesia
Classesof Cash Receiptsfrom Operating Activities,2022-12-31,149017000000000.0,TLKM.JK,Telkom Indonesia
Classesof Cash Receiptsfrom Operating Activities,2021-12-31,,TLKM.JK,Telkom Indonesia
Other Cash Receiptsfrom Operating Activities,2025-12-31,1020000000000.0,TLKM.JK,Telkom Indonesia
Other Cash Receiptsfrom Operating Activities,2024-12-31,519000000000.0,TLKM.JK,Telkom Indonesia
Other Cash Receiptsfrom Operating Activities,2023-12-31,593000000000.0,TLKM.JK,Telkom Indonesia
Other Cash Receiptsfrom Operating Activities,2022-12-31,338000000000.0,TLKM.JK,Telkom Indonesia
Other Cash Receiptsfrom Operating Activities,2021-12-31,,TLKM.JK,Telkom Indonesia
Receiptsfrom Customers,2025-12-31,146002000000000.0,TLKM.JK,Telkom Indonesia
Receiptsfrom Customers,2024-12-31,148415000000000.0,TLKM.JK,Telkom Indonesia
Receiptsfrom Customers,2023-12-31,148458000000000.0,TLKM.JK,Telkom Indonesia
Receiptsfrom Customers,2022-12-31,146268000000000.0,TLKM.JK,Telkom Indonesia
Receiptsfrom Customers,2021-12-31,,TLKM.JK,Telkom Indonesia
Free Cash Flow,2025-12-31,8469857000000.0,ICBP.JK,Indofood CBP
Free Cash Flow,2024-12-31,10292853000000.0,ICBP.JK,Indofood CBP
Free Cash Flow,2023-12-31,10591175000000.0,ICBP.JK,Indofood CBP
Free Cash Flow,2022-12-31,7015618000000.0,ICBP.JK,Indofood CBP
Free Cash Flow,2021-12-31,,ICBP.JK,Indofood CBP
Repayment Of Debt,2025-12-31,-1293728000000.0,ICBP.JK,Indofood CBP
Repayment Of Debt,2024-12-31,-510352000000.0,ICBP.JK,Indofood CBP
Repayment Of Debt,2023-12-31,-1379821000000.0,ICBP.JK,Indofood CBP
Repayment Of Debt,2022-12-31,-2095437000000.0,ICBP.JK,Indofood CBP
Repayment Of Debt,2021-12-31,,ICBP.JK,Indofood CBP
Issuance Of Debt,2025-12-31,1328500000000.0,ICBP.JK,Indofood CBP
Issuance Of Debt,2024-12-31,87873000000.0,ICBP.JK,Indofood CBP
Issuance Of Debt,2023-12-31,160000000000.0,ICBP.JK,Indofood CBP
Issuance Of Debt,2022-12-31,2357500000000.0,ICBP.JK,Indofood CBP
Issuance Of Debt,2021-12-31,,ICBP.JK,Indofood CBP
Capital Expenditure,2025-12-31,-3634570000000.0,ICBP.JK,Indofood CBP
Capital Expenditure,2024-12-31,-2162129000000.0,ICBP.JK,Indofood CBP
Capital Expenditure,2023-12-31,-1823830000000.0,ICBP.JK,Indofood CBP
Capital Expenditure,2022-12-31,-1788876000000.0,ICBP.JK,Indofood CBP
Capital Expenditure,2021-12-31,,ICBP.JK,Indofood CBP
End Cash Position,2025-12-31,29216457000000.0,ICBP.JK,Indofood CBP
End Cash Position,2024-12-31,25292640000000.0,ICBP.JK,Indofood CBP
End Cash Position,2023-12-31,19353416000000.0,ICBP.JK,Indofood CBP
End Cash Position,2022-12-31,15741068000000.0,ICBP.JK,Indofood CBP
End Cash Position,2021-12-31,,ICBP.JK,Indofood CBP
Beginning Cash Position,2025-12-31,25292640000000.0,ICBP.JK,Indofood CBP
Beginning Cash Position,2024-12-31,19353416000000.0,ICBP.JK,Indofood CBP
Beginning Cash Position,2023-12-31,15741068000000.0,ICBP.JK,Indofood CBP
Beginning Cash Position,2022-12-31,20377977000000.0,ICBP.JK,Indofood CBP
Beginning Cash Position,2021-12-31,,ICBP.JK,Indofood CBP
Effect Of Exchange Rate Changes,2025-12-31,809522000000.0,ICBP.JK,Indofood CBP
Effect Of Exchange Rate Changes,2024-12-31,45286000000.0,ICBP.JK,Indofood CBP
Effect Of Exchange Rate Changes,2023-12-31,-195068000000.0,ICBP.JK,Indofood CBP
Effect Of Exchange Rate Changes,2022-12-31,890491000000.0,ICBP.JK,Indofood CBP
Effect Of Exchange Rate Changes,2021-12-31,,ICBP.JK,Indofood CBP
Changes In Cash,2025-12-31,3114295000000.0,ICBP.JK,Indofood CBP
Changes In Cash,2024-12-31,5893938000000.0,ICBP.JK,Indofood CBP
Changes In Cash,2023-12-31,3807416000000.0,ICBP.JK,Indofood CBP
Changes In Cash,2022-12-31,-5527400000000.0,ICBP.JK,Indofood CBP
Changes In Cash,2021-12-31,,ICBP.JK,Indofood CBP
Financing Cash Flow,2025-12-31,-4290051000000.0,ICBP.JK,Indofood CBP
Financing Cash Flow,2024-12-31,-4308466000000.0,ICBP.JK,Indofood CBP
Financing Cash Flow,2023-12-31,-4619785000000.0,ICBP.JK,Indofood CBP
Financing Cash Flow,2022-12-31,-12826259000000.0,ICBP.JK,Indofood CBP
Financing Cash Flow,2021-12-31,,ICBP.JK,Indofood CBP
Net Other Financing Charges,2025-12-31,98191000000.0,ICBP.JK,Indofood CBP
Net Other Financing Charges,2024-12-31,24292000000.0,ICBP.JK,Indofood CBP
Net Other Financing Charges,2023-12-31,,ICBP.JK,Indofood CBP
Net Other Financing Charges,2022-12-31,-9331551000000.0,ICBP.JK,Indofood CBP
Net Other Financing Charges,2021-12-31,,ICBP.JK,Indofood CBP
Cash Dividends Paid,2025-12-31,-2915477000000.0,ICBP.JK,Indofood CBP
Cash Dividends Paid,2024-12-31,-2332382000000.0,ICBP.JK,Indofood CBP
Cash Dividends Paid,2023-12-31,-2192439000000.0,ICBP.JK,Indofood CBP
Cash Dividends Paid,2022-12-31,-2507310000000.0,ICBP.JK,Indofood CBP
Cash Dividends Paid,2021-12-31,,ICBP.JK,Indofood CBP
Net Issuance Payments Of Debt,2025-12-31,34772000000.0,ICBP.JK,Indofood CBP
Net Issuance Payments Of Debt,2024-12-31,-422479000000.0,ICBP.JK,Indofood CBP
Net Issuance Payments Of Debt,2023-12-31,-1219821000000.0,ICBP.JK,Indofood CBP
Net Issuance Payments Of Debt,2022-12-31,262063000000.0,ICBP.JK,Indofood CBP
Net Issuance Payments Of Debt,2021-12-31,,ICBP.JK,Indofood CBP
Net Short Term Debt Issuance,2025-12-31,389136000000.0,ICBP.JK,Indofood CBP
Net Short Term Debt Issuance,2024-12-31,72306000000.0,ICBP.JK,Indofood CBP
Net Short Term Debt Issuance,2023-12-31,-712500000000.0,ICBP.JK,Indofood CBP
Net Short Term Debt Issuance,2022-12-31,310000000000.0,ICBP.JK,Indofood CBP
Net Short Term Debt Issuance,2021-12-31,,ICBP.JK,Indofood CBP
Short Term Debt Payments,2025-12-31,-376824000000.0,ICBP.JK,Indofood CBP
Short Term Debt Payments,2024-12-31,-15567000000.0,ICBP.JK,Indofood CBP
Short Term Debt Payments,2023-12-31,-872500000000.0,ICBP.JK,Indofood CBP
Short Term Debt Payments,2022-12-31,-1747500000000.0,ICBP.JK,Indofood CBP
Short Term Debt Payments,2021-12-31,,ICBP.JK,Indofood CBP
Short Term Debt Issuance,2025-12-31,765960000000.0,ICBP.JK,Indofood CBP
Short Term Debt Issuance,2024-12-31,87873000000.0,ICBP.JK,Indofood CBP
Short Term Debt Issuance,2023-12-31,160000000000.0,ICBP.JK,Indofood CBP
Short Term Debt Issuance,2022-12-31,2057500000000.0,ICBP.JK,Indofood CBP
Short Term Debt Issuance,2021-12-31,,ICBP.JK,Indofood CBP
Net Long Term Debt Issuance,2025-12-31,-354364000000.0,ICBP.JK,Indofood CBP
Net Long Term Debt Issuance,2024-12-31,-494785000000.0,ICBP.JK,Indofood CBP
Net Long Term Debt Issuance,2023-12-31,-507321000000.0,ICBP.JK,Indofood CBP
Net Long Term Debt Issuance,2022-12-31,-47937000000.0,ICBP.JK,Indofood CBP
Net Long Term Debt Issuance,2021-12-31,,ICBP.JK,Indofood CBP
Long Term Debt Payments,2025-12-31,-916904000000.0,ICBP.JK,Indofood CBP
Long Term Debt Payments,2024-12-31,-494785000000.0,ICBP.JK,Indofood CBP
Long Term Debt Payments,2023-12-31,-507321000000.0,ICBP.JK,Indofood CBP
Long Term Debt Payments,2022-12-31,-347937000000.0,ICBP.JK,Indofood CBP
Long Term Debt Payments,2021-12-31,,ICBP.JK,Indofood CBP
Long Term Debt Issuance,2025-12-31,562540000000.0,ICBP.JK,Indofood CBP
Long Term Debt Issuance,2024-12-31,0.0,ICBP.JK,Indofood CBP
Long Term Debt Issuance,2023-12-31,0.0,ICBP.JK,Indofood CBP
Long Term Debt Issuance,2022-12-31,300000000000.0,ICBP.JK,Indofood CBP
Long Term Debt Issuance,2021-12-31,,ICBP.JK,Indofood CBP
Investing Cash Flow,2025-12-31,-4700081000000.0,ICBP.JK,Indofood CBP
Investing Cash Flow,2024-12-31,-2252578000000.0,ICBP.JK,Indofood CBP
Investing Cash Flow,2023-12-31,-3987804000000.0,ICBP.JK,Indofood CBP
Investing Cash Flow,2022-12-31,-1505635000000.0,ICBP.JK,Indofood CBP
Investing Cash Flow,2021-12-31,,ICBP.JK,Indofood CBP
Net Investment Purchase And Sale,2025-12-31,-989120000000.0,ICBP.JK,Indofood CBP
Net Investment Purchase And Sale,2024-12-31,-83230000000.0,ICBP.JK,Indofood CBP
Net Investment Purchase And Sale,2023-12-31,-2177600000000.0,ICBP.JK,Indofood CBP
Net Investment Purchase And Sale,2022-12-31,127800000000.0,ICBP.JK,Indofood CBP
Net Investment Purchase And Sale,2021-12-31,,ICBP.JK,Indofood CBP
Sale Of Investment,2025-12-31,10880000000.0,ICBP.JK,Indofood CBP
Sale Of Investment,2024-12-31,,ICBP.JK,Indofood CBP
Sale Of Investment,2023-12-31,,ICBP.JK,Indofood CBP
Sale Of Investment,2022-12-31,127800000000.0,ICBP.JK,Indofood CBP
Sale Of Investment,2021-12-31,,ICBP.JK,Indofood CBP
Purchase Of Investment,2025-12-31,-1000000000000.0,ICBP.JK,Indofood CBP
Purchase Of Investment,2024-12-31,-83230000000.0,ICBP.JK,Indofood CBP
Purchase Of Investment,2023-12-31,-2177600000000.0,ICBP.JK,Indofood CBP
Purchase Of Investment,2022-12-31,,ICBP.JK,Indofood CBP
Purchase Of Investment,2021-12-31,-284220000000.0,ICBP.JK,Indofood CBP
Net Business Purchase And Sale,2025-12-31,-112440000000.0,ICBP.JK,Indofood CBP
Net Business Purchase And Sale,2024-12-31,-23500000000.0,ICBP.JK,Indofood CBP
Net Business Purchase And Sale,2023-12-31,0.0,ICBP.JK,Indofood CBP
Net Business Purchase And Sale,2022-12-31,-11000000000.0,ICBP.JK,Indofood CBP
Net Business Purchase And Sale,2021-12-31,,ICBP.JK,Indofood CBP
Purchase Of Business,2025-12-31,-112440000000.0,ICBP.JK,Indofood CBP
Purchase Of Business,2024-12-31,-23500000000.0,ICBP.JK,Indofood CBP
Purchase Of Business,2023-12-31,0.0,ICBP.JK,Indofood CBP
Purchase Of Business,2022-12-31,-11000000000.0,ICBP.JK,Indofood CBP
Purchase Of Business,2021-12-31,,ICBP.JK,Indofood CBP
Net PPE Purchase And Sale,2025-12-31,-3598521000000.0,ICBP.JK,Indofood CBP
Net PPE Purchase And Sale,2024-12-31,-2145848000000.0,ICBP.JK,Indofood CBP
Net PPE Purchase And Sale,2023-12-31,-1810204000000.0,ICBP.JK,Indofood CBP
Net PPE Purchase And Sale,2022-12-31,-1622435000000.0,ICBP.JK,Indofood CBP
Net PPE Purchase And Sale,2021-12-31,,ICBP.JK,Indofood CBP
Sale Of PPE,2025-12-31,36049000000.0,ICBP.JK,Indofood CBP
Sale Of PPE,2024-12-31,16281000000.0,ICBP.JK,Indofood CBP
Sale Of PPE,2023-12-31,13626000000.0,ICBP.JK,Indofood CBP
Sale Of PPE,2022-12-31,166441000000.0,ICBP.JK,Indofood CBP
Sale Of PPE,2021-12-31,,ICBP.JK,Indofood CBP
Purchase Of PPE,2025-12-31,-3634570000000.0,ICBP.JK,Indofood CBP
Purchase Of PPE,2024-12-31,-2162129000000.0,ICBP.JK,Indofood CBP
Purchase Of PPE,2023-12-31,-1823830000000.0,ICBP.JK,Indofood CBP
Purchase Of PPE,2022-12-31,-1788876000000.0,ICBP.JK,Indofood CBP
Purchase Of PPE,2021-12-31,,ICBP.JK,Indofood CBP
Cash Flowsfromusedin Operating Activities Direct,2025-12-31,12104427000000.0,ICBP.JK,Indofood CBP
Cash Flowsfromusedin Operating Activities Direct,2024-12-31,12454982000000.0,ICBP.JK,Indofood CBP
Cash Flowsfromusedin Operating Activities Direct,2023-12-31,12415005000000.0,ICBP.JK,Indofood CBP
Cash Flowsfromusedin Operating Activities Direct,2022-12-31,8804494000000.0,ICBP.JK,Indofood CBP
Cash Flowsfromusedin Operating Activities Direct,2021-12-31,,ICBP.JK,Indofood CBP
Taxes Refund Paid Direct,2025-12-31,-3090239000000.0,ICBP.JK,Indofood CBP
Taxes Refund Paid Direct,2024-12-31,-3138344000000.0,ICBP.JK,Indofood CBP
Taxes Refund Paid Direct,2023-12-31,-2683881000000.0,ICBP.JK,Indofood CBP
Taxes Refund Paid Direct,2022-12-31,-2231362000000.0,ICBP.JK,Indofood CBP
Taxes Refund Paid Direct,2021-12-31,,ICBP.JK,Indofood CBP
Interest Received Direct,2025-12-31,808747000000.0,ICBP.JK,Indofood CBP
Interest Received Direct,2024-12-31,963119000000.0,ICBP.JK,Indofood CBP
Interest Received Direct,2023-12-31,619267000000.0,ICBP.JK,Indofood CBP
Interest Received Direct,2022-12-31,240985000000.0,ICBP.JK,Indofood CBP
Interest Received Direct,2021-12-31,,ICBP.JK,Indofood CBP
Interest Paid Direct,2025-12-31,-2125288000000.0,ICBP.JK,Indofood CBP
Interest Paid Direct,2024-12-31,-2116523000000.0,ICBP.JK,Indofood CBP
Interest Paid Direct,2023-12-31,-2008743000000.0,ICBP.JK,Indofood CBP
Interest Paid Direct,2022-12-31,-2123804000000.0,ICBP.JK,Indofood CBP
Interest Paid Direct,2021-12-31,,ICBP.JK,Indofood CBP
Classesof Cash Payments,2025-12-31,-57555413000000.0,ICBP.JK,Indofood CBP
Classesof Cash Payments,2024-12-31,-55241014000000.0,ICBP.JK,Indofood CBP
Classesof Cash Payments,2023-12-31,-51183264000000.0,ICBP.JK,Indofood CBP
Classesof Cash Payments,2022-12-31,-51947957000000.0,ICBP.JK,Indofood CBP
Classesof Cash Payments,2021-12-31,,ICBP.JK,Indofood CBP
Other Cash Paymentsfrom Operating Activities,2025-12-31,-11278747000000.0,ICBP.JK,Indofood CBP
Other Cash Paymentsfrom Operating Activities,2024-12-31,-11542163000000.0,ICBP.JK,Indofood CBP
Other Cash Paymentsfrom Operating Activities,2023-12-31,-10304749000000.0,ICBP.JK,Indofood CBP
Other Cash Paymentsfrom Operating Activities,2022-12-31,-10198787000000.0,ICBP.JK,Indofood CBP
Other Cash Paymentsfrom Operating Activities,2021-12-31,,ICBP.JK,Indofood CBP
Paymentson Behalfof Employees,2025-12-31,-6863589000000.0,ICBP.JK,Indofood CBP
Paymentson Behalfof Employees,2024-12-31,-6643133000000.0,ICBP.JK,Indofood CBP
Paymentson Behalfof Employees,2023-12-31,-6367540000000.0,ICBP.JK,Indofood CBP
Paymentson Behalfof Employees,2022-12-31,-5676013000000.0,ICBP.JK,Indofood CBP
Paymentson Behalfof Employees,2021-12-31,,ICBP.JK,Indofood CBP
Paymentsto Suppliersfor Goodsand Services,2025-12-31,-39413077000000.0,ICBP.JK,Indofood CBP
Paymentsto Suppliersfor Goodsand Services,2024-12-31,-37055718000000.0,ICBP.JK,Indofood CBP
Paymentsto Suppliersfor Goodsand Services,2023-12-31,-34510975000000.0,ICBP.JK,Indofood CBP
Paymentsto Suppliersfor Goodsand Services,2022-12-31,-36073157000000.0,ICBP.JK,Indofood CBP
Paymentsto Suppliersfor Goodsand Services,2021-12-31,,ICBP.JK,Indofood CBP
Classesof Cash Receiptsfrom Operating Activities,2025-12-31,74066620000000.0,ICBP.JK,Indofood CBP
Classesof Cash Receiptsfrom Operating Activities,2024-12-31,71987744000000.0,ICBP.JK,Indofood CBP
Classesof Cash Receiptsfrom Operating Activities,2023-12-31,67671626000000.0,ICBP.JK,Indofood CBP
Classesof Cash Receiptsfrom Operating Activities,2022-12-31,64866632000000.0,ICBP.JK,Indofood CBP
Classesof Cash Receiptsfrom Operating Activities,2021-12-31,,ICBP.JK,Indofood CBP
Other Cash Receiptsfrom Operating Activities,2025-12-31,209586000000.0,ICBP.JK,Indofood CBP
Other Cash Receiptsfrom Operating Activities,2024-12-31,107352000000.0,ICBP.JK,Indofood CBP
Other Cash Receiptsfrom Operating Activities,2023-12-31,36064000000.0,ICBP.JK,Indofood CBP
Other Cash Receiptsfrom Operating Activities,2022-12-31,78300000000.0,ICBP.JK,Indofood CBP
Other Cash Receiptsfrom Operating Activities,2021-12-31,,ICBP.JK,Indofood CBP
Receiptsfrom Customers,2025-12-31,73857034000000.0,ICBP.JK,Indofood CBP
Receiptsfrom Customers,2024-12-31,71880392000000.0,ICBP.JK,Indofood CBP
Receiptsfrom Customers,2023-12-31,67635562000000.0,ICBP.JK,Indofood CBP
Receiptsfrom Customers,2022-12-31,64788332000000.0,ICBP.JK,Indofood CBP
Receiptsfrom Customers,2021-12-31,,ICBP.JK,Indofood CBP
Free Cash Flow,2025-12-31,-875335000000.0,GOTO.JK,GoTo Gojek Tokopedia
Free Cash Flow,2024-12-31,-7140976000000.0,GOTO.JK,GoTo Gojek Tokopedia
Free Cash Flow,2023-12-31,-4545755000000.0,GOTO.JK,GoTo Gojek Tokopedia
Free Cash Flow,2022-12-31,-17658439000000.0,GOTO.JK,GoTo Gojek Tokopedia
Free Cash Flow,2021-12-31,,GOTO.JK,GoTo Gojek Tokopedia
Repurchase Of Capital Stock,2025-12-31,-971404000000.0,GOTO.JK,GoTo Gojek Tokopedia
Repurchase Of Capital Stock,2024-12-31,-1199693000000.0,GOTO.JK,GoTo Gojek Tokopedia
Repurchase Of Capital Stock,2023-12-31,0.0,GOTO.JK,GoTo Gojek Tokopedia
Repurchase Of Capital Stock,2022-12-31,-2049328000000.0,GOTO.JK,GoTo Gojek Tokopedia
Repurchase Of Capital Stock,2021-12-31,,GOTO.JK,GoTo Gojek Tokopedia
Repayment Of Debt,2025-12-31,-682000000000.0,GOTO.JK,GoTo Gojek Tokopedia
Repayment Of Debt,2024-12-31,-434000000000.0,GOTO.JK,GoTo Gojek Tokopedia
Repayment Of Debt,2023-12-31,-455622000000.0,GOTO.JK,GoTo Gojek Tokopedia
Repayment Of Debt,2022-12-31,-1527562000000.0,GOTO.JK,GoTo Gojek Tokopedia
Repayment Of Debt,2021-12-31,,GOTO.JK,GoTo Gojek Tokopedia
Issuance Of Debt,2025-12-31,3718013000000.0,GOTO.JK,GoTo Gojek Tokopedia
Issuance Of Debt,2024-12-31,6381860000000.0,GOTO.JK,GoTo Gojek Tokopedia
Issuance Of Debt,2023-12-31,2304171000000.0,GOTO.JK,GoTo Gojek Tokopedia
Issuance Of Debt,2022-12-31,1491286000000.0,GOTO.JK,GoTo Gojek Tokopedia
Issuance Of Debt,2021-12-31,,GOTO.JK,GoTo Gojek Tokopedia
Issuance Of Capital Stock,2025-12-31,51888000000.0,GOTO.JK,GoTo Gojek Tokopedia
Issuance Of Capital Stock,2024-12-31,35090000000.0,GOTO.JK,GoTo Gojek Tokopedia
Issuance Of Capital Stock,2023-12-31,141260000000.0,GOTO.JK,GoTo Gojek Tokopedia
Issuance Of Capital Stock,2022-12-31,15803105000000.0,GOTO.JK,GoTo Gojek Tokopedia
Issuance Of Capital Stock,2021-12-31,,GOTO.JK,GoTo Gojek Tokopedia
Capital Expenditure,2025-12-31,-1182360000000.0,GOTO.JK,GoTo Gojek Tokopedia
Capital Expenditure,2024-12-31,-6518862000000.0,GOTO.JK,GoTo Gojek Tokopedia
Capital Expenditure,2023-12-31,-220447000000.0,GOTO.JK,GoTo Gojek Tokopedia
Capital Expenditure,2022-12-31,-452136000000.0,GOTO.JK,GoTo Gojek Tokopedia
Capital Expenditure,2021-12-31,,GOTO.JK,GoTo Gojek Tokopedia
End Cash Position,2025-12-31,21755165000000.0,GOTO.JK,GoTo Gojek Tokopedia
End Cash Position,2024-12-31,18827578000000.0,GOTO.JK,GoTo Gojek Tokopedia
End Cash Position,2023-12-31,24843952000000.0,GOTO.JK,GoTo Gojek Tokopedia
End Cash Position,2022-12-31,29009177000000.0,GOTO.JK,GoTo Gojek Tokopedia
End Cash Position,2021-12-31,,GOTO.JK,GoTo Gojek Tokopedia
Beginning Cash Position,2025-12-31,18827578000000.0,GOTO.JK,GoTo Gojek Tokopedia
Beginning Cash Position,2024-12-31,24843952000000.0,GOTO.JK,GoTo Gojek Tokopedia
Beginning Cash Position,2023-12-31,29009177000000.0,GOTO.JK,GoTo Gojek Tokopedia
Beginning Cash Position,2022-12-31,31150908000000.0,GOTO.JK,GoTo Gojek Tokopedia
Beginning Cash Position,2021-12-31,,GOTO.JK,GoTo Gojek Tokopedia
Effect Of Exchange Rate Changes,2025-12-31,213870000000.0,GOTO.JK,GoTo Gojek Tokopedia
Effect Of Exchange Rate Changes,2024-12-31,224880000000.0,GOTO.JK,GoTo Gojek Tokopedia
Effect Of Exchange Rate Changes,2023-12-31,-100395000000.0,GOTO.JK,GoTo Gojek Tokopedia
Effect Of Exchange Rate Changes,2022-12-31,556006000000.0,GOTO.JK,GoTo Gojek Tokopedia
Effect Of Exchange Rate Changes,2021-12-31,,GOTO.JK,GoTo Gojek Tokopedia
Changes In Cash,2025-12-31,2713717000000.0,GOTO.JK,GoTo Gojek Tokopedia
Changes In Cash,2024-12-31,-6241254000000.0,GOTO.JK,GoTo Gojek Tokopedia
Changes In Cash,2023-12-31,-4064830000000.0,GOTO.JK,GoTo Gojek Tokopedia
Changes In Cash,2022-12-31,-2697737000000.0,GOTO.JK,GoTo Gojek Tokopedia
Changes In Cash,2021-12-31,,GOTO.JK,GoTo Gojek Tokopedia
Financing Cash Flow,2025-12-31,1887575000000.0,GOTO.JK,GoTo Gojek Tokopedia
Financing Cash Flow,2024-12-31,4705539000000.0,GOTO.JK,GoTo Gojek Tokopedia
Financing Cash Flow,2023-12-31,1732508000000.0,GOTO.JK,GoTo Gojek Tokopedia
Financing Cash Flow,2022-12-31,13374290000000.0,GOTO.JK,GoTo Gojek Tokopedia
Financing Cash Flow,2021-12-31,,GOTO.JK,GoTo Gojek Tokopedia
Net Other Financing Charges,2025-12-31,-45592000000.0,GOTO.JK,GoTo Gojek Tokopedia
Net Other Financing Charges,2024-12-31,26566000000.0,GOTO.JK,GoTo Gojek Tokopedia
Net Other Financing Charges,2023-12-31,122969000000.0,GOTO.JK,GoTo Gojek Tokopedia
Net Other Financing Charges,2022-12-31,4365000000.0,GOTO.JK,GoTo Gojek Tokopedia
Net Other Financing Charges,2021-12-31,,GOTO.JK,GoTo Gojek Tokopedia
Net Common Stock Issuance,2025-12-31,-919516000000.0,GOTO.JK,GoTo Gojek Tokopedia
Net Common Stock Issuance,2024-12-31,-1164603000000.0,GOTO.JK,GoTo Gojek Tokopedia
Net Common Stock Issuance,2023-12-31,0.0,GOTO.JK,GoTo Gojek Tokopedia
Net Common Stock Issuance,2022-12-31,13753777000000.0,GOTO.JK,GoTo Gojek Tokopedia
Net Common Stock Issuance,2021-12-31,,GOTO.JK,GoTo Gojek Tokopedia
Common Stock Payments,2025-12-31,-971404000000.0,GOTO.JK,GoTo Gojek Tokopedia
Common Stock Payments,2024-12-31,-1199693000000.0,GOTO.JK,GoTo Gojek Tokopedia
Common Stock Payments,2023-12-31,0.0,GOTO.JK,GoTo Gojek Tokopedia
Common Stock Payments,2022-12-31,-2049328000000.0,GOTO.JK,GoTo Gojek Tokopedia
Common Stock Payments,2021-12-31,,GOTO.JK,GoTo Gojek Tokopedia
Common Stock Issuance,2025-12-31,51888000000.0,GOTO.JK,GoTo Gojek Tokopedia
Common Stock Issuance,2024-12-31,35090000000.0,GOTO.JK,GoTo Gojek Tokopedia
Common Stock Issuance,2023-12-31,141260000000.0,GOTO.JK,GoTo Gojek Tokopedia
Common Stock Issuance,2022-12-31,15803105000000.0,GOTO.JK,GoTo Gojek Tokopedia
Common Stock Issuance,2021-12-31,,GOTO.JK,GoTo Gojek Tokopedia
Net Issuance Payments Of Debt,2025-12-31,3036013000000.0,GOTO.JK,GoTo Gojek Tokopedia
Net Issuance Payments Of Debt,2024-12-31,5947860000000.0,GOTO.JK,GoTo Gojek Tokopedia
Net Issuance Payments Of Debt,2023-12-31,1848549000000.0,GOTO.JK,GoTo Gojek Tokopedia
Net Issuance Payments Of Debt,2022-12-31,-36276000000.0,GOTO.JK,GoTo Gojek Tokopedia
Net Issuance Payments Of Debt,2021-12-31,,GOTO.JK,GoTo Gojek Tokopedia
Net Long Term Debt Issuance,2025-12-31,3036013000000.0,GOTO.JK,GoTo Gojek Tokopedia
Net Long Term Debt Issuance,2024-12-31,5947860000000.0,GOTO.JK,GoTo Gojek Tokopedia
Net Long Term Debt Issuance,2023-12-31,1848549000000.0,GOTO.JK,GoTo Gojek Tokopedia
Net Long Term Debt Issuance,2022-12-31,-36276000000.0,GOTO.JK,GoTo Gojek Tokopedia
Net Long Term Debt Issuance,2021-12-31,,GOTO.JK,GoTo Gojek Tokopedia
Long Term Debt Payments,2025-12-31,-682000000000.0,GOTO.JK,GoTo Gojek Tokopedia
Long Term Debt Payments,2024-12-31,-434000000000.0,GOTO.JK,GoTo Gojek Tokopedia
Long Term Debt Payments,2023-12-31,-455622000000.0,GOTO.JK,GoTo Gojek Tokopedia
Long Term Debt Payments,2022-12-31,-1527562000000.0,GOTO.JK,GoTo Gojek Tokopedia
Long Term Debt Payments,2021-12-31,,GOTO.JK,GoTo Gojek Tokopedia
Long Term Debt Issuance,2025-12-31,3718013000000.0,GOTO.JK,GoTo Gojek Tokopedia
Long Term Debt Issuance,2024-12-31,6381860000000.0,GOTO.JK,GoTo Gojek Tokopedia
Long Term Debt Issuance,2023-12-31,2304171000000.0,GOTO.JK,GoTo Gojek Tokopedia
Long Term Debt Issuance,2022-12-31,1491286000000.0,GOTO.JK,GoTo Gojek Tokopedia
Long Term Debt Issuance,2021-12-31,,GOTO.JK,GoTo Gojek Tokopedia
Investing Cash Flow,2025-12-31,519117000000.0,GOTO.JK,GoTo Gojek Tokopedia
Investing Cash Flow,2024-12-31,-10324679000000.0,GOTO.JK,GoTo Gojek Tokopedia
Investing Cash Flow,2023-12-31,-1472030000000.0,GOTO.JK,GoTo Gojek Tokopedia
Investing Cash Flow,2022-12-31,1134276000000.0,GOTO.JK,GoTo Gojek Tokopedia
Investing Cash Flow,2021-12-31,,GOTO.JK,GoTo Gojek Tokopedia
Net Other Investing Changes,2025-12-31,,GOTO.JK,GoTo Gojek Tokopedia
Net Other Investing Changes,2024-12-31,-1000000000000.0,GOTO.JK,GoTo Gojek Tokopedia
Net Other Investing Changes,2023-12-31,,GOTO.JK,GoTo Gojek Tokopedia
Net Other Investing Changes,2022-12-31,16457000000.0,GOTO.JK,GoTo Gojek Tokopedia
Net Other Investing Changes,2021-12-31,5108471000000.0,GOTO.JK,GoTo Gojek Tokopedia
Dividends Received Cfi,2025-12-31,17728000000.0,GOTO.JK,GoTo Gojek Tokopedia
Dividends Received Cfi,2024-12-31,13835000000.0,GOTO.JK,GoTo Gojek Tokopedia
Dividends Received Cfi,2023-12-31,25622000000.0,GOTO.JK,GoTo Gojek Tokopedia
Dividends Received Cfi,2022-12-31,35879000000.0,GOTO.JK,GoTo Gojek Tokopedia
Dividends Received Cfi,2021-12-31,,GOTO.JK,GoTo Gojek Tokopedia
Net Investment Purchase And Sale,2025-12-31,1510464000000.0,GOTO.JK,GoTo Gojek Tokopedia
Net Investment Purchase And Sale,2024-12-31,979438000000.0,GOTO.JK,GoTo Gojek Tokopedia
Net Investment Purchase And Sale,2023-12-31,-1162008000000.0,GOTO.JK,GoTo Gojek Tokopedia
Net Investment Purchase And Sale,2022-12-31,2509398000000.0,GOTO.JK,GoTo Gojek Tokopedia
Net Investment Purchase And Sale,2021-12-31,,GOTO.JK,GoTo Gojek Tokopedia
Sale Of Investment,2025-12-31,1974579000000.0,GOTO.JK,GoTo Gojek Tokopedia
Sale Of Investment,2024-12-31,1079395000000.0,GOTO.JK,GoTo Gojek Tokopedia
Sale Of Investment,2023-12-31,1464702000000.0,GOTO.JK,GoTo Gojek Tokopedia
Sale Of Investment,2022-12-31,3411938000000.0,GOTO.JK,GoTo Gojek Tokopedia
Sale Of Investment,2021-12-31,,GOTO.JK,GoTo Gojek Tokopedia
Purchase Of Investment,2025-12-31,-464115000000.0,GOTO.JK,GoTo Gojek Tokopedia
Purchase Of Investment,2024-12-31,-99957000000.0,GOTO.JK,GoTo Gojek Tokopedia
Purchase Of Investment,2023-12-31,-2626710000000.0,GOTO.JK,GoTo Gojek Tokopedia
Purchase Of Investment,2022-12-31,-902540000000.0,GOTO.JK,GoTo Gojek Tokopedia
Purchase Of Investment,2021-12-31,,GOTO.JK,GoTo Gojek Tokopedia
Net Business Purchase And Sale,2025-12-31,67379000000.0,GOTO.JK,GoTo Gojek Tokopedia
Net Business Purchase And Sale,2024-12-31,-4092631000000.0,GOTO.JK,GoTo Gojek Tokopedia
Net Business Purchase And Sale,2023-12-31,-232379000000.0,GOTO.JK,GoTo Gojek Tokopedia
Net Business Purchase And Sale,2022-12-31,-321679000000.0,GOTO.JK,GoTo Gojek Tokopedia
Net Business Purchase And Sale,2021-12-31,,GOTO.JK,GoTo Gojek Tokopedia
Sale Of Business,2025-12-31,83662000000.0,GOTO.JK,GoTo Gojek Tokopedia
Sale Of Business,2024-12-31,0.0,GOTO.JK,GoTo Gojek Tokopedia
Sale Of Business,2023-12-31,0.0,GOTO.JK,GoTo Gojek Tokopedia
Sale Of Business,2022-12-31,14958000000.0,GOTO.JK,GoTo Gojek Tokopedia
Sale Of Business,2021-12-31,,GOTO.JK,GoTo Gojek Tokopedia
Purchase Of Business,2025-12-31,-16283000000.0,GOTO.JK,GoTo Gojek Tokopedia
Purchase Of Business,2024-12-31,-4092631000000.0,GOTO.JK,GoTo Gojek Tokopedia
Purchase Of Business,2023-12-31,-232379000000.0,GOTO.JK,GoTo Gojek Tokopedia
Purchase Of Business,2022-12-31,-336637000000.0,GOTO.JK,GoTo Gojek Tokopedia
Purchase Of Business,2021-12-31,,GOTO.JK,GoTo Gojek Tokopedia
Net Intangibles Purchase And Sale,2025-12-31,-880289000000.0,GOTO.JK,GoTo Gojek Tokopedia
Net Intangibles Purchase And Sale,2024-12-31,-6339296000000.0,GOTO.JK,GoTo Gojek Tokopedia
Net Intangibles Purchase And Sale,2023-12-31,-49047000000.0,GOTO.JK,GoTo Gojek Tokopedia
Net Intangibles Purchase And Sale,2022-12-31,-104398000000.0,GOTO.JK,GoTo Gojek Tokopedia
Net Intangibles Purchase And Sale,2021-12-31,,GOTO.JK,GoTo Gojek Tokopedia
Purchase Of Intangibles,2025-12-31,-880289000000.0,GOTO.JK,GoTo Gojek Tokopedia
Purchase Of Intangibles,2024-12-31,-6339296000000.0,GOTO.JK,GoTo Gojek Tokopedia
Purchase Of Intangibles,2023-12-31,-49047000000.0,GOTO.JK,GoTo Gojek Tokopedia
Purchase Of Intangibles,2022-12-31,-104398000000.0,GOTO.JK,GoTo Gojek Tokopedia
Purchase Of Intangibles,2021-12-31,,GOTO.JK,GoTo Gojek Tokopedia
Net PPE Purchase And Sale,2025-12-31,-302071000000.0,GOTO.JK,GoTo Gojek Tokopedia
Net PPE Purchase And Sale,2024-12-31,-176225000000.0,GOTO.JK,GoTo Gojek Tokopedia
Net PPE Purchase And Sale,2023-12-31,-151432000000.0,GOTO.JK,GoTo Gojek Tokopedia
Net PPE Purchase And Sale,2022-12-31,-305900000000.0,GOTO.JK,GoTo Gojek Tokopedia
Net PPE Purchase And Sale,2021-12-31,,GOTO.JK,GoTo Gojek Tokopedia
Sale Of PPE,2025-12-31,0.0,GOTO.JK,GoTo Gojek Tokopedia
Sale Of PPE,2024-12-31,3341000000.0,GOTO.JK,GoTo Gojek Tokopedia
Sale Of PPE,2023-12-31,19968000000.0,GOTO.JK,GoTo Gojek Tokopedia
Sale Of PPE,2022-12-31,41838000000.0,GOTO.JK,GoTo Gojek Tokopedia
Sale Of PPE,2021-12-31,,GOTO.JK,GoTo Gojek Tokopedia
Purchase Of PPE,2025-12-31,-302071000000.0,GOTO.JK,GoTo Gojek Tokopedia
Purchase Of PPE,2024-12-31,-179566000000.0,GOTO.JK,GoTo Gojek Tokopedia
Purchase Of PPE,2023-12-31,-171400000000.0,GOTO.JK,GoTo Gojek Tokopedia
Purchase Of PPE,2022-12-31,-347738000000.0,GOTO.JK,GoTo Gojek Tokopedia
Purchase Of PPE,2021-12-31,,GOTO.JK,GoTo Gojek Tokopedia
Cash Flowsfromusedin Operating Activities Direct,2025-12-31,307025000000.0,GOTO.JK,GoTo Gojek Tokopedia
Cash Flowsfromusedin Operating Activities Direct,2024-12-31,-622114000000.0,GOTO.JK,GoTo Gojek Tokopedia
Cash Flowsfromusedin Operating Activities Direct,2023-12-31,-4325308000000.0,GOTO.JK,GoTo Gojek Tokopedia
Cash Flowsfromusedin Operating Activities Direct,2022-12-31,-17206303000000.0,GOTO.JK,GoTo Gojek Tokopedia
Cash Flowsfromusedin Operating Activities Direct,2021-12-31,,GOTO.JK,GoTo Gojek Tokopedia
Taxes Refund Paid Direct,2025-12-31,-433486000000.0,GOTO.JK,GoTo Gojek Tokopedia
Taxes Refund Paid Direct,2024-12-31,-88466000000.0,GOTO.JK,GoTo Gojek Tokopedia
Taxes Refund Paid Direct,2023-12-31,-277118000000.0,GOTO.JK,GoTo Gojek Tokopedia
Taxes Refund Paid Direct,2022-12-31,-339948000000.0,GOTO.JK,GoTo Gojek Tokopedia
Taxes Refund Paid Direct,2021-12-31,,GOTO.JK,GoTo Gojek Tokopedia
Interest Received Direct,2025-12-31,546368000000.0,GOTO.JK,GoTo Gojek Tokopedia
Interest Received Direct,2024-12-31,700446000000.0,GOTO.JK,GoTo Gojek Tokopedia
Interest Received Direct,2023-12-31,582161000000.0,GOTO.JK,GoTo Gojek Tokopedia
Interest Received Direct,2022-12-31,551448000000.0,GOTO.JK,GoTo Gojek Tokopedia
Interest Received Direct,2021-12-31,,GOTO.JK,GoTo Gojek Tokopedia
Interest Paid Direct,2025-12-31,-306127000000.0,GOTO.JK,GoTo Gojek Tokopedia
Interest Paid Direct,2024-12-31,-314607000000.0,GOTO.JK,GoTo Gojek Tokopedia
Interest Paid Direct,2023-12-31,-295714000000.0,GOTO.JK,GoTo Gojek Tokopedia
Interest Paid Direct,2022-12-31,-190216000000.0,GOTO.JK,GoTo Gojek Tokopedia
Interest Paid Direct,2021-12-31,,GOTO.JK,GoTo Gojek Tokopedia
Classesof Cash Payments,2025-12-31,-20609803000000.0,GOTO.JK,GoTo Gojek Tokopedia
Classesof Cash Payments,2024-12-31,-19799825000000.0,GOTO.JK,GoTo Gojek Tokopedia
Classesof Cash Payments,2023-12-31,-28082759000000.0,GOTO.JK,GoTo Gojek Tokopedia
Classesof Cash Payments,2022-12-31,-40731555000000.0,GOTO.JK,GoTo Gojek Tokopedia
Classesof Cash Payments,2021-12-31,,GOTO.JK,GoTo Gojek Tokopedia
Other Cash Paymentsfrom Operating Activities,2025-12-31,-7597815000000.0,GOTO.JK,GoTo Gojek Tokopedia
Other Cash Paymentsfrom Operating Activities,2024-12-31,-5908513000000.0,GOTO.JK,GoTo Gojek Tokopedia
Other Cash Paymentsfrom Operating Activities,2023-12-31,-7689591000000.0,GOTO.JK,GoTo Gojek Tokopedia
Other Cash Paymentsfrom Operating Activities,2022-12-31,-12322407000000.0,GOTO.JK,GoTo Gojek Tokopedia
Other Cash Paymentsfrom Operating Activities,2021-12-31,,GOTO.JK,GoTo Gojek Tokopedia
Paymentson Behalfof Employees,2025-12-31,-3353512000000.0,GOTO.JK,GoTo Gojek Tokopedia
Paymentson Behalfof Employees,2024-12-31,-3321854000000.0,GOTO.JK,GoTo Gojek Tokopedia
Paymentson Behalfof Employees,2023-12-31,-5337034000000.0,GOTO.JK,GoTo Gojek Tokopedia
Paymentson Behalfof Employees,2022-12-31,-6293746000000.0,GOTO.JK,GoTo Gojek Tokopedia
Paymentson Behalfof Employees,2021-12-31,,GOTO.JK,GoTo Gojek Tokopedia
Paymentsto Suppliersfor Goodsand Services,2025-12-31,-9658476000000.0,GOTO.JK,GoTo Gojek Tokopedia
Paymentsto Suppliersfor Goodsand Services,2024-12-31,-10569458000000.0,GOTO.JK,GoTo Gojek Tokopedia
Paymentsto Suppliersfor Goodsand Services,2023-12-31,-15056134000000.0,GOTO.JK,GoTo Gojek Tokopedia
Paymentsto Suppliersfor Goodsand Services,2022-12-31,-22115402000000.0,GOTO.JK,GoTo Gojek Tokopedia
Paymentsto Suppliersfor Goodsand Services,2021-12-31,,GOTO.JK,GoTo Gojek Tokopedia
Classesof Cash Receiptsfrom Operating Activities,2025-12-31,21110073000000.0,GOTO.JK,GoTo Gojek Tokopedia
Classesof Cash Receiptsfrom Operating Activities,2024-12-31,18880338000000.0,GOTO.JK,GoTo Gojek Tokopedia
Classesof Cash Receiptsfrom Operating Activities,2023-12-31,23748122000000.0,GOTO.JK,GoTo Gojek Tokopedia
Classesof Cash Receiptsfrom Operating Activities,2022-12-31,23503968000000.0,GOTO.JK,GoTo Gojek Tokopedia
Classesof Cash Receiptsfrom Operating Activities,2021-12-31,,GOTO.JK,GoTo Gojek Tokopedia
Other Cash Receiptsfrom Operating Activities,2025-12-31,178674000000.0,GOTO.JK,GoTo Gojek Tokopedia
Other Cash Receiptsfrom Operating Activities,2024-12-31,,GOTO.JK,GoTo Gojek Tokopedia
Other Cash Receiptsfrom Operating Activities,2023-12-31,-266652000000.0,GOTO.JK,GoTo Gojek Tokopedia
Other Cash Receiptsfrom Operating Activities,2022-12-31,607023000000.0,GOTO.JK,GoTo Gojek Tokopedia
Other Cash Receiptsfrom Operating Activities,2021-12-31,323892000000.0,GOTO.JK,GoTo Gojek Tokopedia
Receiptsfrom Customers,2025-12-31,20931399000000.0,GOTO.JK,GoTo Gojek Tokopedia
Receiptsfrom Customers,2024-12-31,18880338000000.0,GOTO.JK,GoTo Gojek Tokopedia
Receiptsfrom Customers,2023-12-31,23748122000000.0,GOTO.JK,GoTo Gojek Tokopedia
Receiptsfrom Customers,2022-12-31,22896945000000.0,GOTO.JK,GoTo Gojek Tokopedia
Receiptsfrom Customers,2021-12-31,,GOTO.JK,GoTo Gojek Tokopedia
